SET session_replication_role = replica;

--
-- PostgreSQL database dump
--

-- \restrict obvsIPzqWAafUcLQIDTtiuw2ZJukDMi3hRSDnXAVN6JX1oUZTb3NJ49aJgZTNhc

-- Dumped from database version 17.6
-- Dumped by pg_dump version 17.6

SET statement_timeout = 0;
SET lock_timeout = 0;
SET idle_in_transaction_session_timeout = 0;
SET transaction_timeout = 0;
SET client_encoding = 'UTF8';
SET standard_conforming_strings = on;
SELECT pg_catalog.set_config('search_path', '', false);
SET check_function_bodies = false;
SET xmloption = content;
SET client_min_messages = warning;
SET row_security = off;

--
-- Data for Name: audit_log_entries; Type: TABLE DATA; Schema: auth; Owner: supabase_auth_admin
--

COPY "auth"."audit_log_entries" ("instance_id", "id", "payload", "created_at", "ip_address") FROM stdin;
\.


--
-- Data for Name: custom_oauth_providers; Type: TABLE DATA; Schema: auth; Owner: supabase_auth_admin
--

COPY "auth"."custom_oauth_providers" ("id", "provider_type", "identifier", "name", "client_id", "client_secret", "acceptable_client_ids", "scopes", "pkce_enabled", "attribute_mapping", "authorization_params", "enabled", "email_optional", "issuer", "discovery_url", "skip_nonce_check", "cached_discovery", "discovery_cached_at", "authorization_url", "token_url", "userinfo_url", "jwks_uri", "created_at", "updated_at") FROM stdin;
\.


--
-- Data for Name: flow_state; Type: TABLE DATA; Schema: auth; Owner: supabase_auth_admin
--

COPY "auth"."flow_state" ("id", "user_id", "auth_code", "code_challenge_method", "code_challenge", "provider_type", "provider_access_token", "provider_refresh_token", "created_at", "updated_at", "authentication_method", "auth_code_issued_at", "invite_token", "referrer", "oauth_client_state_id", "linking_target_id", "email_optional") FROM stdin;
3c256d65-5457-4c99-8b90-5a5bf99179da	a536a2d3-207e-44b0-bff6-4dbd47dc4bcd	552e5406-8e6f-4511-9ce4-711f298c012d	s256	gPVtb4a8-Key7NOCwRxiIyZym8jvQxGe-uX9_n7Bxac	recovery			2026-02-19 10:01:37.299151+00	2026-02-19 10:01:37.299151+00	recovery	\N	\N	\N	\N	\N	f
374f9c24-9fac-4090-bfe1-4b326149aa02	a536a2d3-207e-44b0-bff6-4dbd47dc4bcd	53753e96-5a8c-41b0-a8df-c67c7f33bd03	s256	0jHKHubD7mYvU30euWVeC9sNRE8iwuN2ouBHyTgQJKI	recovery			2026-02-19 10:10:00.58011+00	2026-02-19 10:10:43.861199+00	recovery	2026-02-19 10:10:43.861147+00	\N	\N	\N	\N	f
6dad3a7c-ea29-4697-8f86-99cec9ae41de	a536a2d3-207e-44b0-bff6-4dbd47dc4bcd	8a299b04-47c9-429b-a1ff-ce7045b7a8aa	s256	CD-MlEzj-lzBJ1O8Y7NXob05vEh9ZrGAjNZK_pYMTDY	recovery			2026-02-19 10:13:06.794809+00	2026-02-19 10:13:31.664443+00	recovery	2026-02-19 10:13:31.66439+00	\N	\N	\N	\N	f
c933f8db-76a4-4c42-8ecd-2a35a6d6b07b	a536a2d3-207e-44b0-bff6-4dbd47dc4bcd	c2861aa3-0214-47f8-b62d-22a4ec4b4ca8	s256	KkrINV74l7h11KRcK-2BPlW_nrNIJskJWHrDa97vzE4	recovery			2026-02-20 03:39:40.706987+00	2026-02-20 03:40:08.43428+00	recovery	2026-02-20 03:40:08.434226+00	\N	\N	\N	\N	f
a7385d5e-fc87-4d4c-b582-22541e582f61	a536a2d3-207e-44b0-bff6-4dbd47dc4bcd	2f7a2865-7ae0-4c3b-a4c1-dfb0ee176c00	s256	2H9HQF0Af6s9ThdDAG8DaBH1U3Fn2oxXcSARPeqXfcg	recovery			2026-02-20 06:20:06.208615+00	2026-02-20 06:23:46.72286+00	recovery	2026-02-20 06:23:46.72279+00	\N	\N	\N	\N	f
25731f87-f791-4bf7-909d-e8b6001c9bff	a536a2d3-207e-44b0-bff6-4dbd47dc4bcd	0ff15e9a-3967-4c4e-a331-a00bb93ca344	s256	P_XKeP6PZeQeBSOfUQh2P6pu-sLPhoA0mEl8dhcSPrg	recovery			2026-02-20 07:02:02.839596+00	2026-02-20 07:03:20.002288+00	recovery	2026-02-20 07:03:20.00222+00	\N	\N	\N	\N	f
5076ed2c-f66c-45a6-9423-232c185f2156	ff16e2d0-eedb-4c0c-a69b-173003a4d60c	65f7009c-a241-493e-8adc-a0f9ff3fcf71	s256	pEW_YCkvqAER68b-JXVxrP-admjuuWd4_f8-ZcKD3rg	recovery			2026-02-25 07:42:21.524412+00	2026-02-25 07:42:42.315778+00	recovery	2026-02-25 07:42:42.315696+00	\N	\N	\N	\N	f
cfdc0d66-ce24-476d-9723-d2724e68e85e	ff16e2d0-eedb-4c0c-a69b-173003a4d60c	96fd136e-2e15-4ea1-8cf3-539e13276041	s256	Eqxowq1ONj1WHr9lYImOdvVXnxE1qRGxkk2RXqVECe4	recovery			2026-02-25 07:46:47.801415+00	2026-02-25 07:47:00.786252+00	recovery	2026-02-25 07:47:00.786198+00	\N	\N	\N	\N	f
19d4c00d-1c4b-4588-8947-c877fcc7ef2c	ff16e2d0-eedb-4c0c-a69b-173003a4d60c	7ffb1b08-b3a4-4526-ab32-60b41dc0745c	s256	mAcxBX_patd_UDRSUjYk5YX4pjOCMdDSDEQcDQ5Xy0A	recovery			2026-02-25 08:17:15.372892+00	2026-02-25 08:17:25.332745+00	recovery	2026-02-25 08:17:25.33268+00	\N	\N	\N	\N	f
3a9d5c2d-761b-4a75-8069-7bd68e79c466	ff16e2d0-eedb-4c0c-a69b-173003a4d60c	272265d9-5b06-4c45-8b3c-e154fd7e86f9	s256	mxBTz9yrXip2uMHfxNr9ePqVq6VvwPPlS3_YZOOxVuw	recovery			2026-02-25 08:29:03.958406+00	2026-02-25 08:29:12.978555+00	recovery	2026-02-25 08:29:12.978503+00	\N	\N	\N	\N	f
b6474a15-5738-4256-97f1-ae249c48821c	ff16e2d0-eedb-4c0c-a69b-173003a4d60c	95bee832-d109-48dc-8d16-8bc3e71e8fdc	s256	HhluxeQ58YW_wXEHbS5tfTrmg2cA_QcM8bFM8g8aAzc	recovery			2026-02-25 09:06:44.593575+00	2026-02-25 09:06:59.845415+00	recovery	2026-02-25 09:06:59.845363+00	\N	\N	\N	\N	f
49a787d4-0cb5-4013-bc21-ebe8bdd9afe2	30eb86d7-e4e5-441c-96b2-c13abbd7a128	0fc64eeb-c1cd-4a23-911b-8dd3af6f4be4	s256	uOL2hcM2u2-KcaHZ24Vw6gEQ3yC7uYrspsUbqnlRVBI	recovery			2026-03-23 08:17:37.652597+00	2026-03-23 08:17:37.652597+00	recovery	\N	\N	\N	\N	\N	f
047b89f6-169a-425d-8a6a-0e4f75409a38	72bc3b53-3b7f-4d26-8b22-0b5f2a47ab08	ca96c12e-d68f-4dab-a24e-10ae315d4e25	s256	r20wBV15IshAYvUF15htWJs9HkiKczckc-6uiAn8Hvk	recovery			2026-03-25 08:33:00.026593+00	2026-03-25 08:33:00.026593+00	recovery	\N	\N	\N	\N	\N	f
46c1affc-67bd-4639-af8d-854c77df0e2c	84da71fe-081c-4f4c-b222-fb2f67004de3	c4a42d7f-11a1-4441-a66f-344978a5474b	s256	AsxZR5KhPrc68EvcPXOz_0mC0mZGAQMxUK5_wNnElGI	recovery			2026-04-03 09:17:37.689592+00	2026-04-03 09:17:37.689592+00	recovery	\N	\N	\N	\N	\N	f
e2b1de2b-a0dd-43ef-b5c6-079ece9a48d2	2edd04f2-a7b0-4efc-865f-673ca6b434c8	3926c2f0-1c3f-4867-bb1f-a5d0271f602d	s256	slmiOSv3g6aP1YgKIPv8-AYSro6sSuACOi6lMMHqhBw	recovery			2026-04-03 09:17:48.334358+00	2026-04-03 09:18:02.475888+00	recovery	2026-04-03 09:18:02.475835+00	\N	\N	\N	\N	f
\.


--
-- Data for Name: users; Type: TABLE DATA; Schema: auth; Owner: supabase_auth_admin
--

COPY "auth"."users" ("instance_id", "id", "aud", "role", "email", "encrypted_password", "email_confirmed_at", "invited_at", "confirmation_token", "confirmation_sent_at", "recovery_token", "recovery_sent_at", "email_change_token_new", "email_change", "email_change_sent_at", "last_sign_in_at", "raw_app_meta_data", "raw_user_meta_data", "is_super_admin", "created_at", "updated_at", "phone", "phone_confirmed_at", "phone_change", "phone_change_token", "phone_change_sent_at", "email_change_token_current", "email_change_confirm_status", "banned_until", "reauthentication_token", "reauthentication_sent_at", "is_sso_user", "deleted_at", "is_anonymous") FROM stdin;
00000000-0000-0000-0000-000000000000	4105f420-8ea6-4fb7-9072-c5ac991c0376	authenticated	authenticated	admin@company.com	$2a$10$miL9g7CGS6dgJ4HkQfaqNetNXmoif4ADmviuPMFbjxhaWwFVqLKQm	2026-04-03 05:11:25.496685+00	\N		\N		\N			\N	2026-04-06 05:14:42.624617+00	{"provider": "email", "providers": ["email"]}	{"email_verified": true}	\N	2026-04-03 05:11:25.472892+00	2026-04-06 06:15:45.399729+00	\N	\N			\N		0	\N		\N	f	\N	f
00000000-0000-0000-0000-000000000000	494f6181-e2a4-4f1a-911a-c60fc804871d	authenticated	authenticated	supergreenitdep@gmail.com	$2a$10$JIRRpfxD8.HhqoS6MvEziuuyVKL7TmH0vFPFCRU.RgnfGJhMwdbzW	2026-04-04 04:58:19.448122+00	\N		\N		\N			\N	2026-04-06 06:51:29.834413+00	{"provider": "email", "providers": ["email"]}	{"email_verified": true}	\N	2026-04-04 04:58:19.41076+00	2026-04-06 06:51:29.838914+00	\N	\N			\N		0	\N		\N	f	\N	f
\.


--
-- Data for Name: identities; Type: TABLE DATA; Schema: auth; Owner: supabase_auth_admin
--

COPY "auth"."identities" ("provider_id", "user_id", "identity_data", "provider", "last_sign_in_at", "created_at", "updated_at", "id") FROM stdin;
4105f420-8ea6-4fb7-9072-c5ac991c0376	4105f420-8ea6-4fb7-9072-c5ac991c0376	{"sub": "4105f420-8ea6-4fb7-9072-c5ac991c0376", "email": "admin@company.com", "email_verified": false, "phone_verified": false}	email	2026-04-03 05:11:25.4905+00	2026-04-03 05:11:25.490555+00	2026-04-03 05:11:25.490555+00	79238fa8-2184-405b-bb95-83fe2a9c5b41
494f6181-e2a4-4f1a-911a-c60fc804871d	494f6181-e2a4-4f1a-911a-c60fc804871d	{"sub": "494f6181-e2a4-4f1a-911a-c60fc804871d", "email": "supergreenitdep@gmail.com", "email_verified": false, "phone_verified": false}	email	2026-04-04 04:58:19.434311+00	2026-04-04 04:58:19.434368+00	2026-04-04 04:58:19.434368+00	4e7a0eee-9997-4222-9ffd-b334977878df
\.


--
-- Data for Name: instances; Type: TABLE DATA; Schema: auth; Owner: supabase_auth_admin
--

COPY "auth"."instances" ("id", "uuid", "raw_base_config", "created_at", "updated_at") FROM stdin;
\.


--
-- Data for Name: oauth_clients; Type: TABLE DATA; Schema: auth; Owner: supabase_auth_admin
--

COPY "auth"."oauth_clients" ("id", "client_secret_hash", "registration_type", "redirect_uris", "grant_types", "client_name", "client_uri", "logo_uri", "created_at", "updated_at", "deleted_at", "client_type", "token_endpoint_auth_method") FROM stdin;
\.


--
-- Data for Name: sessions; Type: TABLE DATA; Schema: auth; Owner: supabase_auth_admin
--

COPY "auth"."sessions" ("id", "user_id", "created_at", "updated_at", "factor_id", "aal", "not_after", "refreshed_at", "user_agent", "ip", "tag", "oauth_client_id", "refresh_token_hmac_key", "refresh_token_counter", "scopes") FROM stdin;
0a0c7cb0-08cd-445b-80e7-8005569f2152	494f6181-e2a4-4f1a-911a-c60fc804871d	2026-04-04 05:00:43.427376+00	2026-04-06 05:31:43.692829+00	\N	aal1	\N	2026-04-06 05:31:43.692722	Mozilla/5.0 (Windows NT 10.0; Win64; x64) AppleWebKit/537.36 (KHTML, like Gecko) Chrome/146.0.0.0 Safari/537.36	112.134.155.155	\N	\N	\N	\N	\N
9f5dcf00-99d3-4d11-b850-38025f8dc5cc	4105f420-8ea6-4fb7-9072-c5ac991c0376	2026-04-06 05:14:42.624723+00	2026-04-06 06:15:45.418984+00	\N	aal1	\N	2026-04-06 06:15:45.418303	Mozilla/5.0 (Windows NT 10.0; Win64; x64) AppleWebKit/537.36 (KHTML, like Gecko) Chrome/146.0.0.0 Safari/537.36	112.134.155.155	\N	\N	\N	\N	\N
58f27331-981f-4e79-9609-bf1d6b863067	494f6181-e2a4-4f1a-911a-c60fc804871d	2026-04-06 06:51:24.940726+00	2026-04-06 06:51:24.940726+00	\N	aal1	\N	\N	node	112.134.155.155	\N	\N	\N	\N	\N
b71bfb52-9f70-4441-8bb3-def1d26ca7ea	494f6181-e2a4-4f1a-911a-c60fc804871d	2026-04-06 06:51:29.8345+00	2026-04-06 06:51:29.8345+00	\N	aal1	\N	\N	node	3.94.173.0	\N	\N	\N	\N	\N
d523f039-ea4a-46df-8980-a2c2580ab101	494f6181-e2a4-4f1a-911a-c60fc804871d	2026-04-04 08:17:53.03707+00	2026-04-04 08:17:53.03707+00	\N	aal1	\N	\N	node	34.224.67.105	\N	\N	\N	\N	\N
\.


--
-- Data for Name: mfa_amr_claims; Type: TABLE DATA; Schema: auth; Owner: supabase_auth_admin
--

COPY "auth"."mfa_amr_claims" ("session_id", "created_at", "updated_at", "authentication_method", "id") FROM stdin;
0a0c7cb0-08cd-445b-80e7-8005569f2152	2026-04-04 05:00:43.437286+00	2026-04-04 05:00:43.437286+00	password	d8d17f75-f172-4ead-b3e8-47bdaca0739b
d523f039-ea4a-46df-8980-a2c2580ab101	2026-04-04 08:17:53.083989+00	2026-04-04 08:17:53.083989+00	password	a78cfb15-3a0f-44a1-b8d6-5c28d168805b
9f5dcf00-99d3-4d11-b850-38025f8dc5cc	2026-04-06 05:14:42.63815+00	2026-04-06 05:14:42.63815+00	password	a6e50670-9b82-4463-85f4-3d3bad615abf
58f27331-981f-4e79-9609-bf1d6b863067	2026-04-06 06:51:24.995176+00	2026-04-06 06:51:24.995176+00	password	2e3e7377-11ec-44e1-94e5-262010eaac45
b71bfb52-9f70-4441-8bb3-def1d26ca7ea	2026-04-06 06:51:29.83981+00	2026-04-06 06:51:29.83981+00	password	8422c040-1b69-47d5-854a-bb72d5d6a376
\.


--
-- Data for Name: mfa_factors; Type: TABLE DATA; Schema: auth; Owner: supabase_auth_admin
--

COPY "auth"."mfa_factors" ("id", "user_id", "friendly_name", "factor_type", "status", "created_at", "updated_at", "secret", "phone", "last_challenged_at", "web_authn_credential", "web_authn_aaguid", "last_webauthn_challenge_data") FROM stdin;
\.


--
-- Data for Name: mfa_challenges; Type: TABLE DATA; Schema: auth; Owner: supabase_auth_admin
--

COPY "auth"."mfa_challenges" ("id", "factor_id", "created_at", "verified_at", "ip_address", "otp_code", "web_authn_session_data") FROM stdin;
\.


--
-- Data for Name: oauth_authorizations; Type: TABLE DATA; Schema: auth; Owner: supabase_auth_admin
--

COPY "auth"."oauth_authorizations" ("id", "authorization_id", "client_id", "user_id", "redirect_uri", "scope", "state", "resource", "code_challenge", "code_challenge_method", "response_type", "status", "authorization_code", "created_at", "expires_at", "approved_at", "nonce") FROM stdin;
\.


--
-- Data for Name: oauth_client_states; Type: TABLE DATA; Schema: auth; Owner: supabase_auth_admin
--

COPY "auth"."oauth_client_states" ("id", "provider_type", "code_verifier", "created_at") FROM stdin;
\.


--
-- Data for Name: oauth_consents; Type: TABLE DATA; Schema: auth; Owner: supabase_auth_admin
--

COPY "auth"."oauth_consents" ("id", "user_id", "client_id", "scopes", "granted_at", "revoked_at") FROM stdin;
\.


--
-- Data for Name: one_time_tokens; Type: TABLE DATA; Schema: auth; Owner: supabase_auth_admin
--

COPY "auth"."one_time_tokens" ("id", "user_id", "token_type", "token_hash", "relates_to", "created_at", "updated_at") FROM stdin;
\.


--
-- Data for Name: refresh_tokens; Type: TABLE DATA; Schema: auth; Owner: supabase_auth_admin
--

COPY "auth"."refresh_tokens" ("instance_id", "id", "token", "user_id", "revoked", "created_at", "updated_at", "parent", "session_id") FROM stdin;
00000000-0000-0000-0000-000000000000	423	w3k5mvqyhl33	494f6181-e2a4-4f1a-911a-c60fc804871d	t	2026-04-04 05:00:43.434409+00	2026-04-04 07:01:05.319482+00	\N	0a0c7cb0-08cd-445b-80e7-8005569f2152
00000000-0000-0000-0000-000000000000	428	pmwir527yn6i	494f6181-e2a4-4f1a-911a-c60fc804871d	f	2026-04-04 08:17:53.066268+00	2026-04-04 08:17:53.066268+00	\N	d523f039-ea4a-46df-8980-a2c2580ab101
00000000-0000-0000-0000-000000000000	426	f2u64cjlepwk	494f6181-e2a4-4f1a-911a-c60fc804871d	t	2026-04-04 07:01:05.342926+00	2026-04-06 05:31:43.670965+00	w3k5mvqyhl33	0a0c7cb0-08cd-445b-80e7-8005569f2152
00000000-0000-0000-0000-000000000000	434	jjela4ncax5a	494f6181-e2a4-4f1a-911a-c60fc804871d	f	2026-04-06 05:31:43.684336+00	2026-04-06 05:31:43.684336+00	f2u64cjlepwk	0a0c7cb0-08cd-445b-80e7-8005569f2152
00000000-0000-0000-0000-000000000000	433	frqnr2lzjqpn	4105f420-8ea6-4fb7-9072-c5ac991c0376	t	2026-04-06 05:14:42.635458+00	2026-04-06 06:15:45.373313+00	\N	9f5dcf00-99d3-4d11-b850-38025f8dc5cc
00000000-0000-0000-0000-000000000000	435	xp3w4bn7apzh	4105f420-8ea6-4fb7-9072-c5ac991c0376	f	2026-04-06 06:15:45.39023+00	2026-04-06 06:15:45.39023+00	frqnr2lzjqpn	9f5dcf00-99d3-4d11-b850-38025f8dc5cc
00000000-0000-0000-0000-000000000000	436	dkelhjrve22k	494f6181-e2a4-4f1a-911a-c60fc804871d	f	2026-04-06 06:51:24.963384+00	2026-04-06 06:51:24.963384+00	\N	58f27331-981f-4e79-9609-bf1d6b863067
00000000-0000-0000-0000-000000000000	437	x5yqjdtqckqv	494f6181-e2a4-4f1a-911a-c60fc804871d	f	2026-04-06 06:51:29.837295+00	2026-04-06 06:51:29.837295+00	\N	b71bfb52-9f70-4441-8bb3-def1d26ca7ea
\.


--
-- Data for Name: sso_providers; Type: TABLE DATA; Schema: auth; Owner: supabase_auth_admin
--

COPY "auth"."sso_providers" ("id", "resource_id", "created_at", "updated_at", "disabled") FROM stdin;
\.


--
-- Data for Name: saml_providers; Type: TABLE DATA; Schema: auth; Owner: supabase_auth_admin
--

COPY "auth"."saml_providers" ("id", "sso_provider_id", "entity_id", "metadata_xml", "metadata_url", "attribute_mapping", "created_at", "updated_at", "name_id_format") FROM stdin;
\.


--
-- Data for Name: saml_relay_states; Type: TABLE DATA; Schema: auth; Owner: supabase_auth_admin
--

COPY "auth"."saml_relay_states" ("id", "sso_provider_id", "request_id", "for_email", "redirect_to", "created_at", "updated_at", "flow_state_id") FROM stdin;
\.


--
-- Data for Name: sso_domains; Type: TABLE DATA; Schema: auth; Owner: supabase_auth_admin
--

COPY "auth"."sso_domains" ("id", "sso_provider_id", "domain", "created_at", "updated_at") FROM stdin;
\.


--
-- Data for Name: webauthn_challenges; Type: TABLE DATA; Schema: auth; Owner: supabase_auth_admin
--

COPY "auth"."webauthn_challenges" ("id", "user_id", "challenge_type", "session_data", "created_at", "expires_at") FROM stdin;
\.


--
-- Data for Name: webauthn_credentials; Type: TABLE DATA; Schema: auth; Owner: supabase_auth_admin
--

COPY "auth"."webauthn_credentials" ("id", "user_id", "credential_id", "public_key", "attestation_type", "aaguid", "sign_count", "transports", "backup_eligible", "backed_up", "friendly_name", "created_at", "updated_at", "last_used_at") FROM stdin;
\.


--
-- Data for Name: Branch; Type: TABLE DATA; Schema: public; Owner: postgres
--

COPY "public"."Branch" ("name", "location", "createdAt", "updatedAt", "id", "status") FROM stdin;
Galle	Galle	2026-03-16 04:28:23.66	2026-03-16 04:28:23.66	1	Active
Matara	Matara	2026-03-18 06:24:01.527	2026-03-18 06:24:01.527	2	Active
Thanamalvila	Thanamalvila	2026-03-20 08:55:31.527	2026-03-20 08:55:31.527	3	Active
Moraketiya	Moraketiya	2026-03-20 08:56:42.071	2026-03-20 08:56:42.071	4	Active
Middeniya	Middeniya	2026-03-20 08:57:47.683	2026-03-20 08:57:47.683	5	Active
Head Office	Karapitiya	2026-03-20 08:58:11.692	2026-03-20 08:58:11.692	6	Active
Matugama	Matugama	2026-03-20 08:59:19.731	2026-03-20 08:59:19.731	7	Active
Rathnapura 	Rathnapura 	2026-03-31 06:51:13.632	2026-03-31 12:21:14	8	Active
Tangalle 	Tangalle 	2026-03-31 06:51:29.844	2026-03-31 12:21:30	9	Active
Colombo	Colombo	2026-04-02 05:36:49.307	2026-04-02 11:06:45	10	Active
\.


--
-- Data for Name: Position; Type: TABLE DATA; Schema: public; Owner: postgres
--

COPY "public"."Position" ("createdAt", "updatedAt", "id", "title", "rank", "isManagement", "isProbation", "type") FROM stdin;
2026-03-25 04:10:33.824	2026-03-25 09:40:29	1	FA	1	f	t	PROBATION
2026-03-25 04:10:46.596	2026-03-25 09:40:43	2	TL	2	f	t	PROBATION
2026-03-25 04:11:21.462	2026-03-25 09:41:21	3	BM	3	f	t	PROBATION
2026-03-25 04:12:23.814	2026-03-25 09:42:23	4	RM	4	f	t	PROBATION
2026-03-25 04:15:35.996	2026-03-25 09:45:36	5	ZM	5	f	t	PROBATION
2026-03-25 04:15:54.483	2026-03-25 09:45:54	6	AGM	6	f	t	PROBATION
2026-03-25 05:22:40.439	2026-03-25 10:52:17	11	TRAINEE_FA	11	f	f	PERMANENT
2026-03-25 05:23:05.57	2026-03-25 10:53:06	12	P_FA	12	f	f	PERMANENT
2026-03-25 05:23:45.344	2026-03-25 10:53:45	13	P_TL	13	f	f	PERMANENT
2026-03-25 05:24:08.72	2026-03-25 10:54:01	14	JBM	14	f	f	PERMANENT
2026-03-25 05:24:45.365	2026-03-25 10:54:45	15	SBM	15	f	f	PERMANENT
2026-03-25 05:25:13.255	2026-03-25 10:55:11	16	JRM	16	f	f	PERMANENT
2026-03-25 05:25:35.504	2026-03-25 10:55:35	17	SRM	17	f	f	PERMANENT
2026-03-25 05:25:59.941	2026-03-25 10:56:00	18	JZM	18	f	f	PERMANENT
2026-03-25 05:26:21.266	2026-03-25 10:56:21	19	SZM	19	f	f	PERMANENT
2026-03-25 05:26:49.905	2026-03-25 10:56:50	20	AGM	20	f	f	PERMANENT
2026-03-25 04:16:41.687	2026-03-25 09:46:41	100	ADMIN	100	t	f	MANAGEMENT
2026-03-25 06:09:16.024	2026-03-25 11:39:16	101	HR	101	t	f	MANAGEMENT
2026-03-25 06:09:57.16	2026-03-25 11:39:57	103	IT	103	t	f	MANAGEMENT
2026-03-31 06:44:59.259	2026-03-31 12:14:59	104	COO	104	t	f	MANAGEMENT
2026-03-31 06:44:30.593	2026-03-31 12:14:30	105	GM	105	t	f	MANAGEMENT
2026-04-02 05:38:53.975	2026-04-02 11:08:38	106	ABM	106	t	f	MANAGEMENT
2026-04-03 05:05:11.432	2026-04-03 10:35:10	108	PRO	108	t	f	MANAGEMENT
2026-04-03 05:04:42.026	2026-04-03 10:34:41	102	ACC	102	t	f	MANAGEMENT
2026-04-03 05:05:34.099	2026-04-03 10:35:20	107	OPM	107	t	f	MANAGEMENT
2026-04-03 05:06:38.377	2026-04-03 10:36:17	109	SE	109	t	f	MANAGEMENT
2026-04-03 05:20:24.235	2026-04-03 10:50:22	200	CHAIRMEN	200	t	f	MANAGEMENT
2026-04-03 05:06:04.006	2026-04-03 10:35:42	110	CLEANING	110	t	f	PERMANENT
\.


--
-- Data for Name: User; Type: TABLE DATA; Schema: public; Owner: postgres
--

COPY "public"."User" ("role", "branchId", "status", "email", "name", "id") FROM stdin;
ADMIN	\N	t	admin@company.com	Admin User	4105f420-8ea6-4fb7-9072-c5ac991c0376
EMPLOYEE	6	t	supergreenitdep@gmail.com	Sample	494f6181-e2a4-4f1a-911a-c60fc804871d
\.


--
-- Data for Name: Member; Type: TABLE DATA; Schema: public; Owner: postgres
--

COPY "public"."Member" ("totalCommission", "createdAt", "updatedAt", "id", "positionId", "empNo", "email", "phone", "userId", "accNo", "address", "appointmentLetter", "bank", "bankBranch", "civilStatus", "confirmation", "dateOfJoin", "dob", "gender", "nameWithInitials", "nic", "remark", "probationStartDate", "profilePic", "status", "epfNo", "phone2", "lastClientRegisteredAt", "reportingPersons", "etfNo", "isActive") FROM stdin;
0	2026-04-02 06:00:45	\N	127	4	PM000006	ndeshapriya779@gmail.com	766765324	\N	70720661	NO: 451/A,1, NEAR THE PRE SCHOOL, MUGUNAMULLA, KOTAPOLA	\N	BOC	RATHNAPURA	\N	\N	2025-08-01 00:00:00	1980-03-11 00:00:00	\N	K NILMINI	806324116V	\N	\N	\N	PROBATION	\N	\N	\N	\N	\N	t
0	2026-04-02 06:00:45	\N	130	3	PM000009	\N	710880223	\N	8003971105	NO: 54, MALWALA JUNCTION,MALWALA, RATHNAPURA	\N	COMMERCIAL	RATHNAPURA	\N	\N	2025-08-10 00:00:00	1984-11-15 00:00:00	\N	D L NALINDA THILANKA DISANAYAKA	843202020V	\N	\N	\N	PROBATION	\N	\N	\N	\N	\N	t
0	2026-04-02 06:00:45	\N	139	1	PM000018	\N	717857069	\N	\N	\N	\N	\N	\N	\N	\N	\N	\N	\N	O K RUWANPATHIRANA	\N	\N	\N	\N	PROBATION	\N	\N	\N	\N	\N	t
0	2026-04-02 06:00:45	\N	151	1	PM000032	adeeshadilshan1200@gmail.com	742119296	\N	90838866	KASUN AQUARIUM, MAIN STREET, THISSA,MAHARAMAYA	\N	BOC	THISSAMAHARAMAYA	\N	\N	2025-11-01 00:00:00	2001-10-17 00:00:00	\N	A.D. HEWAKUTTI	200129103716	\N	\N	\N	PROBATION	\N	\N	\N	\N	\N	t
0	2026-04-02 06:00:45	\N	155	1	PM000036	\N	711687813	\N	200563304500	125/A,DODAM KOROTUWA, MURUNGASYAYA	\N	BOC	MIDDENIYA	\N	\N	2026-01-13 00:00:00	2005-05-12 00:00:00	\N	K THARUSHI NAVANGANA	200563304500	\N	\N	\N	PROBATION	\N	\N	\N	\N	\N	t
0	2026-04-02 06:00:45	\N	156	3	PM000037	mgdilshandananjaya@gmail.com	768016152	\N	200405012198	151/C, PAMANWELLA,WEERAKETIYA ROAD,MIDDENIYA	\N	BOC	MIDDENIYA	\N	\N	2026-01-13 00:00:00	2004-02-19 00:00:00	\N	M.G DILSHAN DANANJAYA	200405012198	\N	\N	\N	PROBATION	\N	\N	\N	\N	\N	t
0	2026-04-02 06:00:45	\N	157	1	PM000038	m02shamila@gamail.com	781580906	\N	200	NO.67,MURUNGASYAYA,MIDDENIYA	\N	\N	\N	\N	\N	2026-01-13 00:00:00	2005-11-10 00:00:00	\N	A.RUWANI SHAMILA	200581505026	\N	\N	\N	PROBATION	\N	\N	\N	\N	\N	t
0	2026-04-02 06:00:45	\N	159	1	PM000040	chathurikadewi@gmail.com	703470109	\N	48285563	"RAMINDU", OLUARA, WALASMULLA	\N	BOC	WALASMULLA	\N	\N	\N	2006-01-03 00:00:00	\N	G. CHATHURIKA DEVINDI KARUNATHILAKA	200650303696	\N	\N	\N	PROBATION	\N	\N	\N	\N	\N	t
0	2026-04-02 06:00:45	\N	160	1	PM000041	isharahansani08@gmail.com	715224356	\N	89745765	GALGODAHENA, HORAWINNA, KATUWANA	\N	BOC	KATUWANA	\N	\N	\N	2005-03-07 00:00:00	\N	P.G. ISHARA HANSANI	200556700272	\N	\N	\N	PROBATION	\N	715224356	\N	\N	\N	t
0	2026-04-02 06:00:45	\N	148	1	PM000027	chamil.dananjaya036@gmail.com	701300396	\N	\N	KEERAGALA,KOSWATTA,KURUWITA	\N	\N	\N	\N	\N	\N	1983-10-20 00:00:00	\N	R.A. CHAMIL DANANJAYA	832940208V	\N	\N	\N	PROBATION	\N	\N	2026-04-03 09:35:24.734	\N	\N	t
0	2026-04-02 06:00:45	\N	154	100	PM000035	\N	766019493	\N	1159 5279 6303	NO: 473, PUWAKWATTA, JAMBUKETIYA, GALLE	\N	SAMPATH	GALLE	\N	\N	2000-06-03 00:00:00	2000-06-03 00:00:00	\N	H.N.A.AVISHKA PRADEEP	20015502487	\N	\N		MANAGEMENT		\N	\N	{}	\N	t
0	2026-04-02 06:00:45	\N	122	200	PM000001	\N	778442609	\N	80447979	\N	\N	BOC	GALLE	\N	\N	2025-06-01 00:00:00	1976-04-03 00:00:00	Male	H N A PRADEEP KUMARA	\N	\N	\N		MANAGEMENT		\N	\N	{}	\N	t
4500	2026-04-02 06:00:45	\N	147	4	PM000026	\N	778513881	\N	8270053475	NO:24, THOTAGODA, AKMEEMANA	\N	COMMERCIAL	GALLE	\N	\N	2025-10-26 00:00:00	1976-09-24 00:00:00	Male	K.H. CHAMES PRASANNA	7626840063V	\N	2025-10-26		PROBATION		\N	\N	{}	\N	t
0	2026-04-02 06:00:45	\N	126	20	PM000005	\N	705721162	\N	101052639496	ABHIMAN NIWASA, VIHADAGODA RD, UDUPILA, MIRISSA	\N	SAMPATH BANK	MATARA	\N	\N	2025-06-01 00:00:00	1984-04-18 00:00:00	Male	W A SAMEERA UDAYANGA	1984410904387	\N	\N		PERMANENT		\N	\N	{}	\N	t
0	2026-04-02 06:00:45	\N	143	3	PM000022	\N	0774652337	\N	77194652	GULUGAHA WATHTHA, MAHAWELA RD, ALUTHGODA	\N	BOC	MATARA	\N	\N	2025-08-01 00:00:00	1994-04-23 00:00:00	Female	H S PIYUMI IRESHA	946141240V	\N	\N		PROBATION		\N	\N	{}	\N	t
0	2026-04-02 06:00:45	\N	132	1	PM000011	\N	715670887	\N	80564115	SIRINIWASA, BODAGAMA, THANAMALWILA	\N	BOC	THANAMALWILA	\N	\N	2025-08-13 00:00:00	1983-12-08 00:00:00	Female	H A W NADEEKA PRIYADARSHANI	975923207v	\N	2025-08-13		PROBATION		\N	\N	{}	\N	t
0	2026-04-02 06:00:45	\N	133	2	PM000012	\N	778033894	\N	230200290035786	PARAKRAMAPURA, UVA, KUDAOYA	\N	PEOPLES BANK	THANAMALWILA	\N	\N	2025-08-14 00:00:00	1981-12-09 00:00:00	Female	Y M C KUMARI	198184403714	\N	2025-08-14		PROBATION		771235495	\N	{}	\N	t
0	2026-04-02 06:00:45	\N	131	3	PM000010	\N	763023802	\N	93364093	NO:451/A1, EDANDAGAWAHENA, MUGUNUMULLA, KOTAPOLA	\N	BOC	KOTAPOLA	\N	\N	2025-08-01 00:00:00	1997-04-01 00:00:00	\N	D K S NISANSALA	975923207v	\N	2025-08-01		PROBATION		\N	\N	{}	\N	t
0	2026-04-02 06:00:45	\N	134	3	PM000013	\N	775134436	\N	90025395	NO: 97, MAHAGAMA JANAPADAYA, SEVANAGALA	\N	BOC	MORAKETIYA	\N	\N	2025-07-11 00:00:00	1982-04-02 00:00:00	\N	W M J KUMARA	820933311V	\N	2025-07-11		PROBATION		\N	\N	{}	\N	t
0	2026-04-02 06:00:45	\N	135	2	PM000014	\N	702174820	\N	90670987	NO: 28, MAHAGAMA JANAPADAYA, SEVANAGALA	\N	BOC	EMBILIPITIYA	\N	\N	2025-07-28 00:00:00	2003-07-25 00:00:00	\N	P K C GALAPPATHTHI	200320713318	\N	2025-07-28		PROBATION		\N	\N	{}	\N	t
0	2026-04-02 06:00:45	\N	141	1	PM000020	\N	702835049	\N	\N	\N	\N	\N	\N	\N	\N	2025-08-01 00:00:00	\N	\N	M K GIHAN MADUBASHITHA	\N	\N	2025-08-01		PROBATION		\N	\N	{}	\N	t
0	2026-04-02 06:00:45	\N	152	1	PM000033	\N	740735984	\N	95191251	NO: 323, GAMUNUPURA, SEWANAGALA	\N	BOC	SEWANAGALA	\N	\N	2025-11-15 00:00:00	2007-02-28 00:00:00	\N	W. NIRMANI CHANCHALA	200755904408	\N	2025-11-15		PROBATION		\N	\N	{}	\N	t
0	2026-04-02 06:00:45	\N	153	1	PM000034	\N	758721506	\N	89943851	KITHSIRIMEWAN PURA, HOLBROOH, AGARAPATHANA	\N	BOC	SEWANAGALA	\N	\N	2025-11-20 00:00:00	2003-11-09 00:00:00	\N	K.A. NETHMINA AKALANKA	200331411120	\N	2025-11-20		PROBATION		\N	\N	{}	\N	t
0	2026-04-02 06:00:45	\N	158	1	PM000039	\N	770315628	\N	265200140053150	NO: 202/03/1C, PALBEWATHTHA, BULATHVALKANDA, PANAMURE	\N	BOC	MIDDENIYA	\N	\N	2026-01-07 00:00:00	2006-08-08 00:00:00	\N	S.P. SITHUM BUDDIKA SANKALPA	200609902598	\N	2025-01-07		PROBATION		\N	\N	{}	\N	t
0	2026-04-02 06:00:45	\N	161	1	PM000042	thidasgamae0@gmail.com	741751037	\N	67200150019957	MUNHENA, POLOMMARUWA, THANGALLE	\N	PEOPLES BANK	THANGALLA	\N	\N	\N	2005-11-25 00:00:00	\N	C.N. GAMAGE	205583000085	\N	\N	\N	PROBATION	\N	\N	\N	\N	\N	t
0	2026-04-02 06:00:45	\N	162	1	PM000043	kavindyaarchchi@gmail.com	703447126	\N	95838380	95/9/1, DARADUNIYA, GANGULANDENIYA	\N	BOC	KATUWANA	\N	\N	\N	2004-11-24 00:00:00	\N	P.A.CHAMUDINI SATHSARANI	200482901479	\N	\N	\N	PROBATION	\N	\N	\N	\N	\N	t
0	2026-04-02 06:00:45	\N	165	3	PM000046	\N	769014676	\N	94453871	MAUDELLAWATHTHA,MIDIGAHAMULLA, PALMADULLA	\N	BOC	RATHNAPURA	\N	\N	2026-01-16 00:00:00	2003-10-05 00:00:00	\N	H.S. JANITH LAKNIDU FERNANDO	200327911342	\N	\N	\N	PROBATION	\N	\N	\N	\N	\N	t
0	2026-04-02 06:00:45	\N	167	3	PM000048	abishekdinindu200110@gmail.com	704634166	\N	070200130015726	PANVILAHENA, HELAMBA, AGALAWATHTHA	\N	PEOPLES BANK	MATHUGAMA	\N	\N	2026-01-16 00:00:00	2001-10-28 00:00:00	\N	M A DININDU ABISHEK	200130202289	\N	\N	\N	PROBATION	\N	\N	\N	\N	\N	t
0	2026-04-02 06:00:45	\N	168	1	PM000049	dilshinathisha@gmail.com	769183829	\N	148200140050921	KUMARASIRI, PUNNASARA MW, NAARANPITIYA, PANADURA	\N	PEOPLES BANK	MATHUGAMA	\N	\N	2026-01-23 00:00:00	2006-09-19 00:00:00	\N	S.M. DILSHI NADEESHA	200676301108	\N	\N	\N	PERMANENT	\N	\N	\N	\N	\N	t
0	2026-04-02 06:00:45	\N	170	1	PM000051	nimsararandeniya50@gmail.com	767139956	\N	93964800	124, KOTAKETHANA, KAHAWATTA	\N	BOC	KAHAWATTA	\N	\N	2026-01-25 00:00:00	2005-10-27 00:00:00	\N	R A A N RANDENIYA	200524001475	\N	\N	\N	PERMANENT	\N	767139956	\N	\N	\N	t
0	2026-04-02 06:00:45	\N	171	1	PM000052	duminduumagammana785@gmail.com	781970932	\N	71668591	MAGAMMANA HOUSE, PAHALA BPITIYA, PELMADULLA	\N	BOC	PALMADULLA	\N	\N	2026-01-25 00:00:00	2006-07-25 00:00:00	\N	H G DAMINDU THARIN MAGAMMANA	200620703247	\N	\N	\N	PERMANENT	\N	\N	\N	\N	\N	t
0	2026-04-02 06:00:45	\N	172	2	PM000053	\N	702158278	\N	160200270061938	KUTTAPITIYAGEDARA, PATHAKADA, PELMADULLA	\N	PEOPLES BANK	PELMADULLA	\N	\N	2026-01-25 00:00:00	2006-11-08 00:00:00	\N	H A DINUWAN NAYANAJITH	200631301690	\N	\N	\N	PERMANENT	\N	\N	\N	\N	\N	t
0	2026-04-02 06:00:45	\N	173	2	PM000055	amshanishadhisamarajeewa@gmail.com	768459871	\N	1001108946701	NO: 67, DAMBULUWANA, RATHNAPURA	\N	\N	RATHNAPURA	\N	\N	2026-01-20 00:00:00	2002-03-10 00:00:00	\N	AMASHA NISHADI	2026.03.30	\N	\N	\N	PROBATION	\N	\N	\N	\N	\N	t
0	2026-04-02 06:00:45	\N	174	1	PM000054	udeshikasandamali81@gmail.com	715311528	\N	300033338922	KOTHTHABEBILA, RATHNAPURA	\N	\N	RATHNAPURA	\N	\N	2026-01-25 00:00:00	2003-02-10 00:00:00	\N	P UDESHIKA SANDAMALI ANANDA	200354111966	\N	\N	\N	PROBATION	\N	\N	\N	\N	\N	t
0	2026-04-02 06:00:45	\N	175	1	PM000056	rr5351508@gmail.com	703372882	\N	94601697	IHALAPARA, MAPALANA, SRI PALABADDALA, RATHNAPURA	\N	BOC	KURUWITA	\N	\N	2026-01-21 00:00:00	2003-10-13 00:00:00	\N	PUNYAKUMARA RENUKA	200378714297	\N	\N	\N	PERMANENT	\N	\N	\N	\N	\N	t
0	2026-04-02 06:00:45	\N	176	1	PM000057	\N	741399484	\N	95935528	NO 185/12, NIDAHAS PEDESA, GANEGODA, RATHNAPURA	\N	BOC	RATHNAPURA	\N	\N	2026-01-26 00:00:00	2006-11-07 00:00:00	\N	H L CHAMODI NAWODYA LIYANAGE	200681201421	\N	\N	\N	PROBATION	\N	\N	\N	\N	\N	t
0	2026-04-02 06:00:45	\N	177	2	PM000058	\N	786116198	\N	95876847	AKKARA 30,BERENDUWA,LELLOPITIYA	\N	BOC	RATHNAPURA	\N	\N	2026-01-27 00:00:00	2006-09-06 00:00:00	\N	I.K S M KUMARASINGHA	200675000542	\N	\N	\N	PERMANENT	\N	\N	\N	\N	\N	t
0	2026-04-02 06:00:45	\N	178	1	PM000059	\N	743362635	\N	96061111	NO: 245/1, MIHINDUPURA, SEWANAGALA	\N	BOC	SEWANAGALA	\N	\N	2026-02-27 00:00:00	2005-06-28 00:00:00	\N	K K NETHUMINI JAYATHILAKA	200568004540	\N	\N	\N	PROBATION	\N	\N	\N	\N	\N	t
0	2026-04-02 06:00:45	\N	182	17	PM000063	\N	0710548143	\N	8151012850	NO: 48/A, PILADUWA RD, MATARA	\N	COMMERCIAL	MATARA	\N	\N	2026-03-01 00:00:00	1985-03-21 00:00:00	\N	P H G DISNA THARANGANI	855812339V	\N	\N	\N	PERMANENT	\N	\N	\N	\N	\N	t
0	2026-04-02 06:00:45	\N	185	1	PM000066	\N	0769884714	\N	133200220028972	MUNITHUNGA MW, UGGASNA, VILPITA, AKURESSA	\N	PEOPLES BANK	KAMBURUPITIYA	\N	\N	2026-03-01 00:00:00	2004-04-04 00:00:00	\N	W CHANUKA SANGEETH	200409511782	\N	\N	\N	PROBATION	\N	\N	\N	\N	\N	t
0	2026-04-02 06:00:45	\N	186	1	PM000067	\N	0714705951	\N	8070053795	WAHARAJJA WATHTHA, MEDDAWATHTHA, MATARA	\N	COMMERCIAL	MATARA	\N	\N	2026-03-01 00:00:00	1948-07-19 00:00:00	\N	N SENARATHNA	487011762V	\N	\N	\N	PROBATION	\N	\N	\N	\N	\N	t
0	2026-04-02 06:00:45	\N	198	1	PM000080	\N	0770428800	\N	95228316	ARANYA RD, 19 KANUWA, SOORIYA ARA, THANAMALWILA	\N	BOC	THANAMALWILA	\N	\N	\N	1998-06-28 00:00:00	\N	G OVINI PRABATHMA	986802380V	\N	\N		PROBATION		\N	\N	{}	\N	t
0	2026-04-02 06:00:45	\N	179	104	PM000060	\N	0774356944	\N	101057653098	NO: 48/A, PILADUWA RD, MATARA	\N	SAMPATH	MATARA	\N	\N	2026-03-01 00:00:00	1980-05-10 00:00:00	Male	H D RANAWICKRAMA	801314074V	\N	\N		MANAGEMENT		\N	\N	{}	\N	t
0	2026-04-02 06:00:45	\N	183	15	PM000064	\N	0702764330	\N	111657157526	NO: 166/15, WEERA MAWATHA, WEERAKETIYA RD, DANKATIYA, THANGALLE	\N	SAMPATH	THANGALLA	\N	\N	2026-03-01 00:00:00	1963-12-02 00:00:00	Male	A A RANJAN ANDARAWEERA	633372322V	\N	\N		PERMANENT		0774427863	\N	{}	\N	t
0	2026-04-02 06:00:45	\N	184	1	PM000065	\N	0714532995	\N	82550680	NO: 174, USSAREGODA WATHTHA, NARAWELPITA, WEST	\N	BOC	HAKMANA	\N	\N	2026-03-01 00:00:00	2002-05-02 00:00:00	Male	W H BUDDIKA PIUMAL	200212301857	\N	\N		PROBATION		\N	\N	{}	\N	t
0	2026-04-02 06:00:45	\N	200	1	PM000082	\N	0765345299	\N	73012528	NO: 76/1, WELANGAHAWELA, BARAWAKUMBUKA	\N	BOC	BARAWAKUBUKA	\N	\N	2026-03-05 00:00:00	2007-07-17 00:00:00	\N	S A SAYURI DINETHRA	200769905163	\N	\N	\N	PROBATION	\N	\N	\N	\N	\N	t
0	2026-04-02 06:00:45	\N	201	1	PM000083	\N	0777251052	\N	264200100020567	NO 4758, BEDDEWEWA WEST, SOORIYAWEWA	\N	PEOPLES BANK	SOORIYAWEWA	\N	\N	2026-03-05 00:00:00	1986-05-04 00:00:00	\N	H M NADEEKA DILRUKSHI	866251797V	\N	\N	\N	PROBATION	\N	\N	\N	\N	\N	t
0	2026-04-02 06:00:45	\N	202	1	PM000084	\N	0715981312	\N	264200120058861	WEDAGEDARA, 9/2/1 , JUNCTION, WEERIYAGAMA, SOORIYAWEWA	\N	PEOPLES BANK	SOORIYAWEWA	\N	\N	2026-02-27 00:00:00	1997-03-31 00:00:00	\N	B A PESHALA INDEEWARI	975913112V	\N	\N	\N	PROBATION	\N	\N	\N	\N	\N	t
0	2026-04-02 06:00:45	\N	203	1	PM000085	\N	0712320545	\N	NO	NO 149, IMBULANA, RUWANWELLA	\N	NO	\N	\N	\N	2026-02-23 00:00:00	2002-02-15 00:00:00	\N	I V D G CHANDRASIRI	200204602197	\N	\N	\N	PROBATION	\N	\N	\N	\N	\N	t
0	2026-04-02 06:00:45	\N	204	1	PM000086	\N	0742026980	\N	93850477	NO 138, WAWE GAMA, SOORIYAWEWA	\N	BOC	SOORIYAWEWA	\N	\N	2026-02-05 00:00:00	2006-03-16 00:00:00	\N	T A W MADUKA SANJEEWANI	200657600369	\N	\N	\N	PROBATION	\N	\N	\N	\N	\N	t
0	2026-04-02 06:00:45	\N	205	1	PM000087	\N	\N	\N	70024744	NO 102,KOUL ARA NORTH, SEWANAGALA	\N	BOC	SEWANAGALA	\N	\N	2026-03-01 00:00:00	1961-11-10 00:00:00	\N	P GARUSINGHA	196131505287	\N	\N	\N	PROBATION	\N	\N	\N	\N	\N	t
0	2026-04-02 06:00:45	\N	206	2	PM000088	\N	0719553663	\N	8960015220	NO 436/B/24 , ST.GEORGE ESTATE, ATHULATHMUDALIGAMA, MATHUGAMA	\N	COMMERCIAL	MATHUGAMA	\N	\N	2026-02-06 00:00:00	1992-12-19 00:00:00	\N	K PASINDU MADUWANTHA SILVA	923544046V	\N	\N	\N	PROBATION	\N	\N	\N	\N	\N	t
0	2026-04-02 06:00:45	\N	207	1	PM000089	\N	0729513664	\N	84200130059449	32 AA, NAGUWANGODA, ITHTHAPANA	\N	PEOPLES BANK	ITTAPANA	\N	\N	2026-02-25 00:00:00	2006-12-21 00:00:00	\N	M W DEWDUNI BHAGYA	200685601596	\N	\N	\N	PERMANENT	\N	\N	\N	\N	\N	t
0	2026-04-02 06:00:45	\N	208	1	PM000090	\N	0768831093	\N	070200164142050	NO 136/1/A, PANVILAHENA, HELAMBA, AGALAWATHTHA	\N	PEOPLES BANK	AGALAWATHTHA	\N	\N	2026-02-10 00:00:00	2005-05-08 00:00:00	\N	W B A ERANDI IMASHA	200562902620	\N	\N	\N	PERMANENT	\N	\N	\N	\N	\N	t
0	2026-04-02 06:00:45	\N	209	1	PM000091	\N	0701879472	\N	8021834642	NO 200/1, ADAGALA RD, AGALAWATHTHA	\N	COMMERCIAL	AGALAWATHTHA	\N	\N	2026-02-10 00:00:00	2005-03-29 00:00:00	\N	W A DULMI ISHARA	200558903190	\N	\N	\N	PERMANENT	\N	\N	\N	\N	\N	t
0	2026-04-02 06:00:45	\N	210	1	PM000092	\N	0715377654	\N	310200190064728	KABALOLUWA VEYANGODA	\N	PEOPLES BANK	NO	\N	\N	2026-02-10 00:00:00	2000-12-06 00:00:00	\N	O OSHAN KAVINDA	200034102658	\N	\N	\N	PROBATION	\N	\N	\N	\N	\N	t
0	2026-04-02 06:00:45	\N	211	1	PM000093	\N	0711665804	\N	NO	NO 193/1, WELIGODELLA, HELAMBA, AGALAWATTA	\N	NO	NO	\N	\N	2026-02-10 00:00:00	2000-09-13 00:00:00	\N	S K MALLAWARACHCHI	200025701701	\N	\N	\N	PROBATION	\N	\N	\N	\N	\N	t
0	2026-04-02 06:00:45	\N	212	1	PM000094	\N	0740977825	\N	110656240061	NO 52, B2 MANAMULLA, HORAWALA, WELIPENNA	\N	SAMPATH BANK	MATHUGAMA	\N	\N	2026-03-10 00:00:00	2003-10-25 00:00:00	\N	K H CHATHUMINI RANDIKA	200379911340	\N	\N	\N	PROBATION	\N	\N	\N	\N	\N	t
0	2026-04-02 06:00:45	\N	213	1	PM000095	\N	0757354483	\N	105050039125	NO 59, POLICE RD, MATHUGAMA	\N	SAMPATH BANK	KALUTARA	\N	\N	2026-03-01 00:00:00	1982-07-26 00:00:00	\N	B S POTHUPITIYAGE	822080847V	\N	\N	\N	PROBATION	\N	\N	\N	\N	\N	t
0	2026-04-02 06:00:45	\N	214	1	PM000096	\N	0742886325	\N	92631405	NO 72, SALMAL UYANA, DENIPITIYA	\N	BOC	WELIGAMA	\N	\N	\N	2004-08-16 00:00:00	\N	W A LIHINI WIHANGA	200472903630	\N	\N	\N	PROBATION	\N	\N	\N	\N	\N	t
0	2026-04-02 06:00:45	\N	215	1	PM000097	\N	0711650637	\N	73083142	SANDAMALI, KOSCUMBURA WATHTHA, MATARA	\N	BOC	KAMBURUPITIYA	\N	\N	\N	2006-10-11 00:00:00	\N	D P M MANETH SASVIRU	200628504354	\N	\N	\N	PROBATION	\N	\N	\N	\N	\N	t
0	2026-04-02 06:00:45	\N	216	1	PM000098	\N	0711840838	\N	042020367714	SANDAKEN, BANDANTHARA, THIHAGODA	\N	HNB	MATARA	\N	\N	\N	1989-01-14 00:00:00	\N	B K UDARA PARISITHA PRARTHANA	890143466V	\N	\N	\N	PROBATION	\N	\N	\N	\N	\N	t
0	2026-04-02 06:00:45	\N	217	1	PM000099	\N	NO	\N	101054863696	ALUGOLLA, KONGALA WEST, HAKMANA	\N	SAMPATH BANK	MATARA SUPER	\N	\N	\N	1976-03-12 00:00:00	\N	H V SUNETHRA	765720397V	\N	\N	\N	PROBATION	\N	\N	\N	\N	\N	t
0	2026-04-02 06:00:45	\N	219	1	PM000101	\N	0767904375	\N	93492371	RATHNAPURA RD,NIVITHIGALA	\N	BOC	NIWITHIGALA	\N	\N	\N	2003-07-10 00:00:00	\N	B.T.L.KUMARI	200369210945	\N	\N	\N	PROBATION	\N	\N	\N	\N	\N	t
0	2026-04-02 06:00:45	\N	221	1	PM000103	\N	0750296848	\N	266200100054132	300/B,HIDURANGALA RD,KIRIELLA	\N	PEOPLES	KIRIELLA	\N	\N	\N	2025-08-09 00:00:00	\N	ANUSHA HEMAMALI	200572204830	\N	\N	\N	PERMANENT	\N	\N	\N	\N	\N	t
0	2026-04-02 06:00:45	\N	222	2	PM000104	piyumichathurika882@gmail.com	0743424765	\N	271200180060475	WATHTHEHENA YAYA,GOMILA,MAWARALA	\N	PEOPLES	URUBOKKA	\N	\N	2026-03-01 00:00:00	2004-10-12 00:00:00	\N	H D P CHATHURIKA	200478600470	\N	\N	\N	PROBATION	\N	\N	\N	\N	\N	t
0	2026-04-02 06:00:45	\N	223	1	PM000105	hmimasha1st@gmail.com	0743254406	\N	8021259698	DIMUTHU,WATER BOARD ROAD,POLOMMARUWA,TANGALLE	\N	COMMERCIAL	TANGALLE	\N	\N	2026-03-01 00:00:00	2003-12-09 00:00:00	\N	I K HEWA MANAGE	200384413311	\N	\N	\N	PERMANENT	\N	\N	\N	\N	\N	t
0	2026-04-02 06:00:45	\N	224	1	PM000106	thilinippg1982@gmail.com	0702040157	\N	101210188506	138,BELIATHTHA ROAD,TANGALLE	\N	NSB	KARAPITIYA	\N	\N	2026-03-01 00:00:00	1982-07-11 00:00:00	\N	T P P GURUGE	198269304719	\N	\N	\N	PROBATION	\N	\N	\N	\N	\N	t
0	2026-04-02 06:00:45	\N	225	1	PM000107	\N	0714731782	\N	94783929	311/5,'SADARU',KADURUPOKUNA,TANGALLE	\N	BOC	TANGALLE	\N	\N	2026-03-01 00:00:00	2004-09-27 00:00:00	\N	S G SHASHIKALA	200477102136	\N	\N	\N	PERMANENT	\N	\N	\N	\N	\N	t
0	2026-04-02 06:00:45	\N	226	1	PM000108	yomalmethsilu@gmail.com	0715869502	\N	067200120046113	89/1/16,UDAHAWATTE,BELIATTA ROAD,TANGALLE	\N	PEOPLES	TANGALLE	\N	\N	2026-03-01 00:00:00	2004-05-08 00:00:00	\N	W D Y NETHSILU	200412903921	\N	\N	\N	PROBATION	\N	\N	\N	\N	\N	t
0	2026-04-02 06:00:45	\N	227	1	PM000109	hemakumara698@gmail.com	0770499346	\N	244200130031656	195/1,DELGAHAHENA,ISURUPURA,BELIATHTHA	\N	PEOPLES	BELIATHTHA	\N	\N	2026-03-01 00:00:00	2004-09-14 00:00:00	\N	K N N DISSANAYAKE	200475804642	\N	\N	\N	PROBATION	\N	\N	\N	\N	\N	t
0	2026-04-02 06:00:45	\N	228	1	PM000110	suranisadamali280@gmail.com	0760566594	\N	107138834458	247/3,WELEKORATUWA,KADURUPOKUNA WEST,TANGALLE	\N	NSB	TANGALLE	\N	\N	2026-03-01 00:00:00	2004-06-03 00:00:00	\N	S D SANDAMALI	200465504073	\N	\N	\N	PROBATION	\N	\N	\N	\N	\N	t
0	2026-04-02 06:00:45	\N	229	2	PM000111	\N	0705610170	\N	300114389041	93,YAYAWATHTHA,GODIGAMUWA,NETOLPITIYA,TANGALLE	\N	NSB	TANGALLE	\N	\N	2026-03-01 00:00:00	2004-05-26 00:00:00	\N	B V DESHINEE SAMINDIKA	200464704266	\N	\N	\N	PROBATION	\N	\N	\N	\N	\N	t
0	2026-04-02 06:00:45	\N	230	1	PM000112	\N	0713045803	\N	200200006121	31/7,POLHENA ROAD,PABURANA,MATARA	\N	PEOPLES	WELIGAMA	\N	\N	\N	1961-05-20 00:00:00	\N	P M K PEMALATHA	616410725V	\N	\N	\N	PROBATION	\N	\N	\N	\N	\N	t
0	2026-04-02 06:00:45	\N	234	1	PM000116	\N	0768979145	\N	\N	44B,GALGODAWATTA,SRI PIYARATHANA LANE,BOPE,GALLE	\N	\N	\N	\N	\N	\N	1996-10-31 00:00:00	\N	KUMUDU MADHUSHAN	968053787V	\N	\N	\N	PROBATION	\N	\N	\N	\N	\N	t
0	2026-04-02 06:00:45	\N	235	1	PM000117	\N	0759523380	\N	94910946	40 KANUWA,KAHANGAMA,RATHNAPURA	\N	BOC	RATHNAPURA	\N	\N	\N	2005-04-05 00:00:00	\N	GIHAN BUDDIKA AMARASINHA	200509605363	\N	\N	\N	PROBATION	\N	\N	\N	\N	\N	t
0	2026-04-02 06:00:45	\N	236	5	PM000118	\N	0775257868	\N	8760041099	NO 461/B/88, CITY OF LIFE, KAHATHUDUWA, POLGASOWITA	\N	COMMRCIAL	HORANA	\N	\N	2026-03-15 00:00:00	1981-05-16 00:00:00	\N	M D R A MADDUMAGE	198113700258	\N	\N	\N	PERMANENT	\N	\N	\N	\N	\N	t
0	2026-04-02 06:00:45	\N	237	4	PM000119	\N	0765869486	\N	119257976213	NO 50 A, KALUAGGALA, HANWELLA	\N	SAMPATH	PADUKKA	\N	\N	2026-03-15 00:00:00	1992-12-07 00:00:00	\N	H H D PALINDA	199234201068	\N	\N	\N	PERMANENT	\N	\N	\N	\N	\N	t
0	2026-04-02 06:00:45	\N	220	1	PM000102	\N	\N	\N	169200251880556	526/A/2,KELUM,HEENWILA WATTE,THALGASYAYA,AKMEEMANA	\N	PEOPLES BANK	GALLE MAIN STREET	\N	\N	\N	1958-07-25 00:00:00	\N	L P SAMARAWEERA	195870710084	\N	\N		PROBATION		\N	\N	{}	\N	t
9000	2026-04-02 06:00:45	\N	231	2	PM000113	\N	\N	\N	109038842108	26,MEDAKANATHTHA,DIKKUBURA	\N	NSB	GALLE MAIN STREET	\N	\N	\N	1989-12-27 00:00:00	\N	H.K.SHANIKA SACHINTHANI	198986203335	RESIGN	\N		PROBATION		\N	\N	{}	\N	f
60000	2026-04-02 06:00:45	\N	233	1	PM000115	\N	0774475323	\N	\N	NO.5/23,SAPUMAL PLACE,GALLE	\N	\N	\N	\N	\N	\N	1980-07-02 00:00:00	\N	GEETHIKA MADUMALI DENIWITA	806841897V	RESIGN	\N	\N	PROBATION	\N	\N	\N	\N	\N	f
0	2026-04-02 06:00:45	\N	238	3	PM000120	\N	0761313543	\N	100538894507	NO 08, NADUN UYANA, MATHTHEGODA	\N	NSB	MAHARAGAMA	\N	\N	2026-03-15 00:00:00	1993-12-11 00:00:00	\N	M W A THIWANGI WIJESORIYA	938463263V	\N	\N	\N	PERMANENT	\N	\N	\N	\N	\N	t
0	2026-04-02 06:00:45	\N	239	14	PM000121	\N	0764766107	\N	101048828016	NO 36/6, SARANANKARA RD, RILLAWALA, POLGASOWITA	\N	NSB	KAHATHUDUWA	\N	\N	2026-03-15 00:00:00	1981-05-26 00:00:00	\N	G A I GANESHYA	198164703942	\N	\N	\N	PERMANENT	\N	\N	\N	\N	\N	t
0	2026-04-02 06:00:45	\N	240	1	PM000122	\N	0750719283	\N	077020395302	NO 393, 7TH LANE, HETTIYAWATTE, MEEGODA	\N	HNB	HOMAGAMA	\N	\N	2026-03-15 00:00:00	1999-04-14 00:00:00	\N	N A THARUSHA SANDARENU	996051021V	\N	\N	\N	PERMANENT	\N	\N	\N	\N	\N	t
0	2026-04-02 06:00:45	\N	241	2	PM000123	\N	0750110280	\N	0750110280	NO 393, 7TH LANE, HETTIYAWATTE, MEEGODA	\N	COMMRCIAL	HOMAGAMA	\N	\N	2026-03-15 00:00:00	1995-05-17 00:00:00	\N	N A NIMESHA RASANGI	956382629V	\N	\N	\N	PERMANENT	\N	\N	\N	\N	\N	t
0	2026-04-02 06:00:45	\N	242	1	PM000124	\N	0786217555	\N	049200160079481	NO 112 E, BATUWALA, PADUKKA	\N	PEOPLES BANK	HOMAGAMA	\N	\N	2026-03-15 00:00:00	1996-09-19 00:00:00	\N	K M S N PERERA	967634026V	\N	\N	\N	PROBATION	\N	\N	\N	\N	\N	t
200000	2026-04-04 04:58:20.189	\N	249	3	PM000125	supergreenitdep@gmail.com	\N	494f6181-e2a4-4f1a-911a-c60fc804871d	\N	\N	\N	\N	\N	\N	\N	\N	\N	\N	Sample	\N	\N			PROBATION	\N	\N	\N	{}	\N	t
0	2026-04-02 06:00:45	\N	124	107	PM000003	\N	774073127	\N	103552979335	\N	\N	SAMPATH BANK	GALLE	\N	\N	\N	\N	\N	H N A JAGATH CHANDANA	\N	\N	\N		MANAGEMENT		\N	\N	{}	\N	t
0	2026-04-02 06:00:45	\N	136	2	PM000015	\N	715630113	\N	45200232955245	NO: 75, 6 KANUWA, EKAMUTHGAMA, SEWANAGALA, MONARAGALA	\N	PEOPLES BANK	SEWANAGALA	\N	\N	2025-07-01 00:00:00	1969-04-30 00:00:00	\N	K P P K PATHIRANA	691211800V	\N	2025-07-01		PROBATION		776025858	\N	{}	\N	t
4500	2026-04-02 06:00:45	\N	232	4	PM000114	\N	0713494300	\N	\N	53,SOUTHERN COURT,MANAVILA,WALAHANDUWA	\N	\N	\N	\N	\N	\N	1959-02-25 00:00:00	\N	D.KARIYAWASAM	590560952V	RESIGN	\N	\N	PROBATION	\N	\N	2026-04-04 05:22:50.384	\N	\N	f
\.


--
-- Data for Name: ActivityLog; Type: TABLE DATA; Schema: public; Owner: postgres
--

COPY "public"."ActivityLog" ("id", "action", "entity", "entityId", "performedById", "branchId", "metadata", "createdAt") FROM stdin;
1	UPDATE	MEMBER	124	\N	6	{"after": {"email": null, "empNo": "PM000003", "status": "MANAGEMENT", "nameWithInitials": "H N A JAGATH CHANDANA"}, "before": {"email": null, "empNo": "PM000003", "status": "PROBATION", "nameWithInitials": "H N A JAGATH CHANDANA"}}	2026-04-03 05:19:24.145
2	UPDATE	MEMBER	122	\N	6	{"after": {"email": null, "empNo": "PM000001", "status": "MANAGEMENT", "nameWithInitials": "H N A PRADEEP KUMARA"}, "before": {"email": null, "empNo": "PM000001", "status": "PERMANENT", "nameWithInitials": "H N A PRADEEP KUMARA"}}	2026-04-03 05:20:48.528
3	UPDATE	MEMBER	123	\N	6	{"after": {"email": "kavindipalika@gmail.com", "empNo": "PM000002", "status": "MANAGEMENT", "nameWithInitials": "K V G PALIKA KAWINDI LAKMAL"}, "before": {"email": "kavindipalika@gmail.com", "empNo": "PM000002", "status": "PERMANENT", "nameWithInitials": "K V G PALIKA KAWINDI LAKMAL"}}	2026-04-03 05:21:17.06
4	UPDATE	MEMBER	128	\N	6	{"after": {"email": "srushari@gmail.com", "empNo": "PM000007", "status": "MANAGEMENT", "nameWithInitials": "S D L SHERAYA RUSHARI"}, "before": {"email": "srushari@gmail.com", "empNo": "PM000007", "status": "PERMANENT", "nameWithInitials": "S D L SHERAYA RUSHARI"}}	2026-04-03 05:21:39.638
5	UPDATE	MEMBER	154	\N	6	{"after": {"email": null, "empNo": "PM000035", "status": "MANAGEMENT", "nameWithInitials": "H.N.A.AVISHKA PRADEEP"}, "before": {"email": null, "empNo": "PM000035", "status": "PROBATION", "nameWithInitials": "H.N.A.AVISHKA PRADEEP"}}	2026-04-03 05:26:32.971
6	UPDATE	MEMBER	146	\N	6	{"after": {"email": "induwarapradeep2006@gmail.com", "empNo": "PM000025", "status": "MANAGEMENT", "nameWithInitials": "H.A.N.ADEESHA INDUWARA"}, "before": {"email": "induwarapradeep2006@gmail.com", "empNo": "PM000025", "status": "PERMANENT", "nameWithInitials": "H.A.N.ADEESHA INDUWARA"}}	2026-04-03 05:28:15.254
7	UPDATE	MEMBER	164	\N	6	{"after": {"email": "contact.kawya@gmail.com", "empNo": "PM000045", "status": "MANAGEMENT", "nameWithInitials": "K.H.S.KAWYA GEETHANJALI"}, "before": {"email": "contact.kawya@gmail.com", "empNo": "PM000045", "status": "PROBATION", "nameWithInitials": "K.H.S.KAWYA GEETHANJALI"}}	2026-04-03 05:28:32.109
8	UPDATE	MEMBER	166	\N	6	{"after": {"email": null, "empNo": "PM000047", "status": "PERMANENT", "nameWithInitials": "LAKSHMI PUSHPARANI SAMARAWEERA"}, "before": {"email": null, "empNo": "PM000047", "status": "PROBATION", "nameWithInitials": "LAKSHMI PUSHPARANI SAMARAWEERA"}}	2026-04-03 05:30:51.558
9	UPDATE	MEMBER	181	\N	6	{"after": {"email": "priyanthamaalabandanage@gmail.com", "empNo": "PM000062", "status": "PERMANENT", "nameWithInitials": "M B S PRIYANTHA"}, "before": {"email": "priyanthamaalabandanage@gmail.com", "empNo": "PM000062", "status": "PERMANENT", "nameWithInitials": "M B S PRIYANTHA"}}	2026-04-03 05:32:54.885
10	UPDATE	MEMBER	179	\N	6	{"after": {"email": null, "empNo": "PM000060", "status": "MANAGEMENT", "nameWithInitials": "H D RANAWICKRAMA"}, "before": {"email": null, "empNo": "PM000060", "status": "PERMANENT", "nameWithInitials": "H D RANAWICKRAMA"}}	2026-04-03 05:34:33.773
11	UPDATE	MEMBER	180	\N	6	{"after": {"email": "sampathkoralage6@gmail.com", "empNo": "PM000061", "status": "MANAGEMENT", "nameWithInitials": "K K C SAMPATH KUMARA"}, "before": {"email": "sampathkoralage6@gmail.com", "empNo": "PM000061", "status": "PERMANENT", "nameWithInitials": "K K C SAMPATH KUMARA"}}	2026-04-03 05:46:03.141
12	UPDATE	MEMBER	188	\N	6	{"after": {"email": null, "empNo": "PM000069", "status": "PROBATION", "nameWithInitials": "MANJULA PREMASIRI"}, "before": {"email": null, "empNo": "PM000069", "status": "PERMANENT", "nameWithInitials": "MANJULA PREMASIRI"}}	2026-04-03 05:47:24.24
13	DELETE	MEMBER	188	\N	6	{"name": "MANJULA PREMASIRI", "empNo": "PM000069"}	2026-04-03 05:47:31.233
14	DELETE	MEMBER	187	\N	6	{"name": "DULANJAN", "empNo": "PM000068"}	2026-04-03 05:48:15.7
15	DELETE	MEMBER	189	\N	6	{"name": "LASINDU CHAMOD", "empNo": "PM000070"}	2026-04-03 05:49:29.592
16	DELETE	MEMBER	190	\N	6	{"name": "APSARA SEWWANDI", "empNo": "PM000071"}	2026-04-03 05:50:22.588
17	DELETE	MEMBER	191	\N	6	{"name": "NETHMINI BHAGYA", "empNo": "PM000072"}	2026-04-03 05:50:39.701
18	DELETE	MEMBER	192	\N	6	{"name": "IMALKA SEWWANDI MUTHUMALI", "empNo": "PM000073"}	2026-04-03 05:50:53.26
19	DELETE	MEMBER	193	\N	6	{"name": "W K SARATHI SEWWANDI", "empNo": "PM000074"}	2026-04-03 05:51:05.506
20	DELETE	MEMBER	194	\N	6	{"name": "W M CHANAKA DILSHAN", "empNo": "PM000075"}	2026-04-03 05:51:19.648
21	DELETE	MEMBER	195	\N	6	{"name": "KAWEESHA MADUBASHINI", "empNo": "PM000077"}	2026-04-03 05:51:37.55
22	DELETE	MEMBER	196	\N	6	{"name": "DILEEPA HANSAMALI", "empNo": "PM000078"}	2026-04-03 05:51:49.84
23	DELETE	MEMBER	218	\N	6	{"name": "R H S SUPUN JAYATHILAKE", "empNo": "PM000100"}	2026-04-03 05:51:57.839
24	DELETE	MEMBER	197	\N	6	{"name": "W K S SARINDI SITHARA", "empNo": "PM000079"}	2026-04-03 05:52:11.681
25	UPDATE	MEMBER	122	\N	6	{"after": {"email": null, "empNo": "PM000001", "status": "MANAGEMENT", "nameWithInitials": "H N A PRADEEP KUMARA"}, "before": {"email": null, "empNo": "PM000001", "status": "MANAGEMENT", "nameWithInitials": "H N A PRADEEP KUMARA"}}	2026-04-03 05:53:54.161
26	UPDATE	MEMBER	123	\N	6	{"after": {"email": "kavindipalika@gmail.com", "empNo": "PM000002", "status": "MANAGEMENT", "nameWithInitials": "K V G PALIKA KAWINDI LAKMAL"}, "before": {"email": "kavindipalika@gmail.com", "empNo": "PM000002", "status": "MANAGEMENT", "nameWithInitials": "K V G PALIKA KAWINDI LAKMAL"}}	2026-04-03 05:57:06.14
27	UPDATE	MEMBER	125	\N	6	{"after": {"email": "ishanisenevirathna87@gmail.com", "empNo": "PM000004", "status": "MANAGEMENT", "nameWithInitials": "I U SENEVIRATHNA"}, "before": {"email": "ishanisenevirathna87@gmail.com", "empNo": "PM000004", "status": "PERMANENT", "nameWithInitials": "I U SENEVIRATHNA"}}	2026-04-03 05:59:07.829
28	UPDATE	MEMBER	128	\N	6	{"after": {"email": "srushari@gmail.com", "empNo": "PM000007", "status": "MANAGEMENT", "nameWithInitials": "S D L SHERAYA RUSHARI"}, "before": {"email": "srushari@gmail.com", "empNo": "PM000007", "status": "MANAGEMENT", "nameWithInitials": "S D L SHERAYA RUSHARI"}}	2026-04-03 06:00:25.85
29	UPDATE	MEMBER	146	\N	6	{"after": {"email": "induwarapradeep2006@gmail.com", "empNo": "PM000025", "status": "MANAGEMENT", "nameWithInitials": "H.A.N.ADEESHA INDUWARA"}, "before": {"email": "induwarapradeep2006@gmail.com", "empNo": "PM000025", "status": "MANAGEMENT", "nameWithInitials": "H.A.N.ADEESHA INDUWARA"}}	2026-04-03 06:01:23.393
30	UPDATE	MEMBER	163	\N	6	{"after": {"email": "info.ssupun@gmail.com", "empNo": "PM000044", "status": "MANAGEMENT", "nameWithInitials": "R.H. SANJANA SUPUN"}, "before": {"email": "info.ssupun@gmail.com", "empNo": "PM000044", "status": "PROBATION", "nameWithInitials": "R.H. SANJANA SUPUN"}}	2026-04-03 06:02:11.509
31	UPDATE	MEMBER	164	\N	6	{"after": {"email": "contact.kawya@gmail.com", "empNo": "PM000045", "status": "MANAGEMENT", "nameWithInitials": "K.H.S.KAWYA GEETHANJALI"}, "before": {"email": "contact.kawya@gmail.com", "empNo": "PM000045", "status": "MANAGEMENT", "nameWithInitials": "K.H.S.KAWYA GEETHANJALI"}}	2026-04-03 06:03:00.574
32	UPDATE	MEMBER	166	\N	6	{"after": {"email": null, "empNo": "PM000047", "status": "PERMANENT", "nameWithInitials": "LAKSHMI PUSHPARANI SAMARAWEERA"}, "before": {"email": null, "empNo": "PM000047", "status": "PERMANENT", "nameWithInitials": "LAKSHMI PUSHPARANI SAMARAWEERA"}}	2026-04-03 06:03:43.644
33	UPDATE	MEMBER	179	\N	6	{"after": {"email": null, "empNo": "PM000060", "status": "MANAGEMENT", "nameWithInitials": "H D RANAWICKRAMA"}, "before": {"email": null, "empNo": "PM000060", "status": "MANAGEMENT", "nameWithInitials": "H D RANAWICKRAMA"}}	2026-04-03 06:05:19.35
34	UPDATE	MEMBER	180	\N	6	{"after": {"email": "sampathkoralage6@gmail.com", "empNo": "PM000061", "status": "MANAGEMENT", "nameWithInitials": "K K C SAMPATH KUMARA"}, "before": {"email": "sampathkoralage6@gmail.com", "empNo": "PM000061", "status": "MANAGEMENT", "nameWithInitials": "K K C SAMPATH KUMARA"}}	2026-04-03 06:06:22.587
35	UPDATE	MEMBER	181	\N	6	{"after": {"email": "priyanthamaalabandanage@gmail.com", "empNo": "PM000062", "status": "PERMANENT", "nameWithInitials": "M B S PRIYANTHA"}, "before": {"email": "priyanthamaalabandanage@gmail.com", "empNo": "PM000062", "status": "PERMANENT", "nameWithInitials": "M B S PRIYANTHA"}}	2026-04-03 06:07:09.7
36	UPDATE	MEMBER	220	\N	6	{"after": {"email": null, "empNo": "PM000102", "status": "PROBATION", "nameWithInitials": "L P SAMARAWEERA"}, "before": {"email": null, "empNo": "PM000102", "status": "PROBATION", "nameWithInitials": "L P SAMARAWEERA"}}	2026-04-03 06:18:39.046
37	UPDATE	MEMBER	142	\N	1	{"after": {"email": "gaminiweerawickrama@yahoo.com", "empNo": "PM000021", "status": "PROBATION", "nameWithInitials": "G WEERAWICKRAMA"}, "before": {"email": "gaminiweerawickrama@yahoo.com", "empNo": "PM000021", "status": "PROBATION", "nameWithInitials": "G WEERAWICKRAMA"}}	2026-04-03 06:23:09.02
38	UPDATE	MEMBER	147	\N	1	{"after": {"email": null, "empNo": "PM000026", "status": "PROBATION", "nameWithInitials": "K.H. CHAMES PRASANNA"}, "before": {"email": null, "empNo": "PM000026", "status": "PROBATION", "nameWithInitials": "K.H. CHAMES PRASANNA"}}	2026-04-03 06:24:36.466
39	UPDATE	MEMBER	149	\N	1	{"after": {"email": "rameshlakmal177@gmail.com", "empNo": "PM000028", "status": "PROBATION", "nameWithInitials": "G.K. RAMESH HARENDRA LAKMAL"}, "before": {"email": "rameshlakmal177@gmail.com", "empNo": "PM000028", "status": "PROBATION", "nameWithInitials": "G.K. RAMESH HARENDRA LAKMAL"}}	2026-04-03 06:27:14.174
40	UPDATE	MEMBER	231	\N	1	{"after": {"email": null, "empNo": "PM000113", "status": "PROBATION", "nameWithInitials": "H.K.SHANIKA SACHINTHANI"}, "before": {"email": null, "empNo": "PM000113", "status": "PROBATION", "nameWithInitials": "H.K.SHANIKA SACHINTHANI"}}	2026-04-03 06:39:28.036
41	UPDATE	MEMBER	126	\N	2	{"after": {"email": null, "empNo": "PM000005", "status": "PERMANENT", "nameWithInitials": "W A SAMEERA UDAYANGA"}, "before": {"email": null, "empNo": "PM000005", "status": "PERMANENT", "nameWithInitials": "W A SAMEERA UDAYANGA"}}	2026-04-03 06:42:44.622
42	UPDATE	MEMBER	143	\N	2	{"after": {"email": null, "empNo": "PM000022", "status": "PROBATION", "nameWithInitials": "H S PIYUMI IRESHA"}, "before": {"email": null, "empNo": "PM000022", "status": "PROBATION", "nameWithInitials": "H S PIYUMI IRESHA"}}	2026-04-03 06:43:40.067
43	UPDATE	MEMBER	144	\N	2	{"after": {"email": "adithyamtr@yahoo.com", "empNo": "PM000023", "status": "PROBATION", "nameWithInitials": "A K HETTIARACHCHI"}, "before": {"email": "adithyamtr@yahoo.com", "empNo": "PM000023", "status": "PROBATION", "nameWithInitials": "A K HETTIARACHCHI"}}	2026-04-03 06:44:48.937
44	UPDATE	MEMBER	169	\N	2	{"after": {"email": "sasanidisala16@gmail.com", "empNo": "PM000050", "status": "PROBATION", "nameWithInitials": "A L SASANI DISALA"}, "before": {"email": "sasanidisala16@gmail.com", "empNo": "PM000050", "status": "PROBATION", "nameWithInitials": "A L SASANI DISALA"}}	2026-04-03 06:45:55.552
45	UPDATE	MEMBER	183	\N	2	{"after": {"email": null, "empNo": "PM000064", "status": "PERMANENT", "nameWithInitials": "A A RANJAN ANDARAWEERA"}, "before": {"email": null, "empNo": "PM000064", "status": "PERMANENT", "nameWithInitials": "A A RANJAN ANDARAWEERA"}}	2026-04-03 07:17:37.214
46	UPDATE	MEMBER	184	\N	2	{"after": {"email": null, "empNo": "PM000065", "status": "PROBATION", "nameWithInitials": "W H BUDDIKA PIUMAL"}, "before": {"email": null, "empNo": "PM000065", "status": "PROBATION", "nameWithInitials": "W H BUDDIKA PIUMAL"}}	2026-04-03 07:18:38.004
47	CREATE	MEMBER	244	\N	2	{"name": "test", "empNo": "PM000125"}	2026-04-03 07:32:09.745
48	DELETE	MEMBER	244	\N	2	{"name": "test", "empNo": "PM000125"}	2026-04-03 07:32:31.326
49	CREATE	MEMBER	245	\N	2	{"name": "test", "empNo": "PM000125"}	2026-04-03 07:38:20.72
50	DELETE	MEMBER	245	\N	2	{"name": "test", "empNo": "PM000125"}	2026-04-03 07:39:03.446
51	CREATE	MEMBER	246	\N	2	{"name": "test", "empNo": "PM000125"}	2026-04-03 07:40:52.704
52	DELETE	MEMBER	246	\N	2	{"name": "test", "empNo": "PM000125"}	2026-04-03 07:41:25.751
53	UPDATE	MEMBER	129	\N	3	{"after": {"email": "samantha222hk@gmail.com", "empNo": "PM000008", "status": "PROBATION", "nameWithInitials": "H K SAMANTHA"}, "before": {"email": "samantha222hk@gmail.com", "empNo": "PM000008", "status": "PROBATION", "nameWithInitials": "H K SAMANTHA"}}	2026-04-03 07:46:28.093
54	UPDATE	MEMBER	132	\N	3	{"after": {"email": null, "empNo": "PM000011", "status": "PROBATION", "nameWithInitials": "H A W NADEEKA PRIYADARSHANI"}, "before": {"email": null, "empNo": "PM000011", "status": "PROBATION", "nameWithInitials": "H A W NADEEKA PRIYADARSHANI"}}	2026-04-03 07:50:40.787
55	UPDATE	MEMBER	133	\N	3	{"after": {"email": null, "empNo": "PM000012", "status": "PROBATION", "nameWithInitials": "Y M C KUMARI"}, "before": {"email": null, "empNo": "PM000012", "status": "PROBATION", "nameWithInitials": "Y M C KUMARI"}}	2026-04-03 07:53:03.976
56	UPDATE	MEMBER	198	\N	3	{"after": {"email": null, "empNo": "PM000080", "status": "PROBATION", "nameWithInitials": "G OVINI PRABATHMA"}, "before": {"email": null, "empNo": "PM000080", "status": "PROBATION", "nameWithInitials": "G OVINI PRABATHMA"}}	2026-04-03 07:54:25.515
57	UPDATE	MEMBER	199	\N	3	{"after": {"email": "sandanikakakavindi22@gmail.com", "empNo": "PM000081", "status": "PROBATION", "nameWithInitials": "G G SANDANIKA KAVINDI"}, "before": {"email": "sandanikakakavindi22@gmail.com", "empNo": "PM000081", "status": "PROBATION", "nameWithInitials": "G G SANDANIKA KAVINDI"}}	2026-04-03 07:55:05.668
58	UPDATE	MEMBER	131	\N	4	{"after": {"email": null, "empNo": "PM000010", "status": "PROBATION", "nameWithInitials": "D K S NISANSALA"}, "before": {"email": null, "empNo": "PM000010", "status": "PROBATION", "nameWithInitials": "D K S NISANSALA"}}	2026-04-03 07:56:48.608
59	UPDATE	MEMBER	134	\N	4	{"after": {"email": null, "empNo": "PM000013", "status": "PROBATION", "nameWithInitials": "W M J KUMARA"}, "before": {"email": null, "empNo": "PM000013", "status": "PROBATION", "nameWithInitials": "W M J KUMARA"}}	2026-04-03 07:58:16.56
60	UPDATE	MEMBER	135	\N	4	{"after": {"email": null, "empNo": "PM000014", "status": "PROBATION", "nameWithInitials": "P K C GALAPPATHTHI"}, "before": {"email": null, "empNo": "PM000014", "status": "PROBATION", "nameWithInitials": "P K C GALAPPATHTHI"}}	2026-04-03 07:59:47.376
61	UPDATE	MEMBER	136	\N	4	{"after": {"email": null, "empNo": "PM000015", "status": "PROBATION", "nameWithInitials": "K P P K PATHIRANA"}, "before": {"email": null, "empNo": "PM000015", "status": "PROBATION", "nameWithInitials": "K P P K PATHIRANA"}}	2026-04-03 08:00:53.311
62	UPDATE	MEMBER	137	\N	4	{"after": {"email": "kumarasingha024@gmail.com", "empNo": "PM000016", "status": "PROBATION", "nameWithInitials": "C R KUMARASINHA"}, "before": {"email": "kumarasingha024@gmail.com", "empNo": "PM000016", "status": "PROBATION", "nameWithInitials": "C R KUMARASINHA"}}	2026-04-03 08:22:35.218
63	UPDATE	MEMBER	138	\N	4	{"after": {"email": "hrm.senura@gmail.com", "empNo": "PM000017", "status": "PROBATION", "nameWithInitials": "H R M S K RANATHUNGA"}, "before": {"email": "hrm.senura@gmail.com", "empNo": "PM000017", "status": "PROBATION", "nameWithInitials": "H R M S K RANATHUNGA"}}	2026-04-03 08:24:40.508
64	UPDATE	MEMBER	140	\N	4	{"after": {"email": "jayasundararathnayake61@gmail.com", "empNo": "PM000019", "status": "PROBATION", "nameWithInitials": "R M JAYASUNDARA"}, "before": {"email": "jayasundararathnayake61@gmail.com", "empNo": "PM000019", "status": "PROBATION", "nameWithInitials": "R M JAYASUNDARA"}}	2026-04-03 08:29:55.975
65	UPDATE	MEMBER	141	\N	4	{"after": {"email": null, "empNo": "PM000020", "status": "PROBATION", "nameWithInitials": "M K GIHAN MADUBASHITHA"}, "before": {"email": null, "empNo": "PM000020", "status": "PROBATION", "nameWithInitials": "M K GIHAN MADUBASHITHA"}}	2026-04-03 08:32:08.03
66	UPDATE	MEMBER	145	\N	4	{"after": {"email": "nilnuwanlakiaya@gmail.com", "empNo": "PM000024", "status": "PROBATION", "nameWithInitials": "Y B MADUSARA NILNUWAN LAKJAYA"}, "before": {"email": "nilnuwanlakiaya@gmail.com", "empNo": "PM000024", "status": "PROBATION", "nameWithInitials": "Y B MADUSARA NILNUWAN LAKJAYA"}}	2026-04-03 08:33:03.102
67	UPDATE	MEMBER	150	\N	4	{"after": {"email": "thilakarathna116@gmail.com", "empNo": "PM000030", "status": "PROBATION", "nameWithInitials": "W.W. THILAKARATHNA"}, "before": {"email": "thilakarathna116@gmail.com", "empNo": "PM000030", "status": "PROBATION", "nameWithInitials": "W.W. THILAKARATHNA"}}	2026-04-03 08:37:17.989
68	UPDATE	MEMBER	152	\N	4	{"after": {"email": null, "empNo": "PM000033", "status": "PROBATION", "nameWithInitials": "W. NIRMANI CHANCHALA"}, "before": {"email": null, "empNo": "PM000033", "status": "PROBATION", "nameWithInitials": "W. NIRMANI CHANCHALA"}}	2026-04-03 08:39:27.551
69	UPDATE	MEMBER	153	\N	4	{"after": {"email": null, "empNo": "PM000034", "status": "PROBATION", "nameWithInitials": "K.A. NETHMINA AKALANKA"}, "before": {"email": null, "empNo": "PM000034", "status": "PROBATION", "nameWithInitials": "K.A. NETHMINA AKALANKA"}}	2026-04-03 08:42:02.167
70	UPDATE	MEMBER	158	\N	4	{"after": {"email": null, "empNo": "PM000039", "status": "PROBATION", "nameWithInitials": "S.P. SITHUM BUDDIKA SANKALPA"}, "before": {"email": null, "empNo": "PM000039", "status": "PROBATION", "nameWithInitials": "S.P. SITHUM BUDDIKA SANKALPA"}}	2026-04-03 08:42:31.698
71	CREATE	MEMBER	247	\N	6	{"name": "Sample", "empNo": "PM000125"}	2026-04-03 09:08:34.838
72	UPDATE	MEMBER	247	\N	6	{"after": {"email": "supergreenitdep@gmail.com", "empNo": "PM000125", "status": "PROBATION", "nameWithInitials": "Sample"}, "before": {"email": null, "empNo": "PM000125", "status": "PROBATION", "nameWithInitials": "Sample"}}	2026-04-03 09:08:55
73	UPDATE	MEMBER	247	\N	6	{"after": {"email": "supergreenitdep@gmail.com", "empNo": "PM000125", "status": "PROBATION", "nameWithInitials": "Sample"}, "before": {"email": "supergreenitdep@gmail.com", "empNo": "PM000125", "status": "PROBATION", "nameWithInitials": "Sample"}}	2026-04-03 09:09:46.166
74	DELETE	MEMBER	247	\N	6	{"name": "Sample", "empNo": "PM000125"}	2026-04-03 09:11:20.841
75	CREATE	MEMBER	248	\N	6	{"name": "Sample", "empNo": "PM000125"}	2026-04-03 09:11:35.227
76	DELETE	FINANCIAL_PLAN	2	\N	\N	{"deleted": {"id": 2, "name": "Super plus", "rate": 32, "status": "Active", "duration": 12, "createdAt": "2026-04-03T09:21:59.614Z", "updatedAt": "2026-04-03T09:21:59.614Z", "investment": 50000, "description": "Super plus"}}	2026-04-03 09:22:04.573
77	UPDATE	FINANCIAL_PLAN	5	\N	\N	{"after": {"id": 5, "name": "Super diamond", "rate": 38, "status": "Active", "duration": 36, "createdAt": "2026-04-03T09:23:31.641Z", "updatedAt": "2026-04-03T09:24:11.910Z", "investment": 50000, "description": "Super Diamond"}, "before": {"id": 5, "name": "Super Diamond", "rate": 38, "status": "Active", "duration": 36, "createdAt": "2026-04-03T09:23:31.641Z", "updatedAt": "2026-04-03T09:23:31.641Z", "investment": 50000, "description": "Super Diamond"}}	2026-04-03 09:24:12.088
78	CREATE	CLIENT	1	\N	6	{"after": {"id": 1, "nic": "199999999999", "email": null, "idBack": "https://itcfwcgidijtnfjepsyk.supabase.co/storage/v1/object/public/kyc-documents/idBack/1775208922194-eb276ad2-a912-4a61-909c-d22d0a37bba2.webp", "status": "Active", "address": "anywhere", "idFront": "https://itcfwcgidijtnfjepsyk.supabase.co/storage/v1/object/public/kyc-documents/idFront/1775208922194-c461e2f0-9d5b-4839-acd5-5416eb902a4f.webp", "branchId": 6, "fullName": "Client 01", "memberId": 148, "proposal": "https://itcfwcgidijtnfjepsyk.supabase.co/storage/v1/object/public/kyc-documents/proposal/1775208922194-054f0dc0-0e08-4472-8af3-323b77a2f809.webp", "agreement": "https://itcfwcgidijtnfjepsyk.supabase.co/storage/v1/object/public/kyc-documents/agreement/1775208922194-aac55adf-cfe0-4474-97bc-6e67e53ae2e7.webp", "createdAt": "2026-04-03T09:35:24.581Z", "phoneLand": null, "signature": "https://itcfwcgidijtnfjepsyk.supabase.co/storage/v1/object/public/kyc-documents/signatures/1775208738067-aa3479c3-3658-45d1-91b0-655d6e7b6e3f.png", "updatedAt": "2026-04-03T09:35:24.581Z", "occupation": null, "passportNo": null, "createdById": null, "dateOfBirth": null, "investments": [{"id": 1, "amount": 2000000, "planId": 6, "branchId": 6, "clientId": 1, "advisorId": null, "createdAt": "2026-04-03T09:35:25.245Z", "isMatured": false, "nomineeId": 1, "refNumber": "INV-412917", "updatedAt": "2026-04-03T09:35:25.245Z", "maturityDate": "2031-04-04T00:00:00.000Z", "beneficiaryId": 1, "investmentDate": "2026-04-04T00:00:00.000Z", "maturityNotified": false, "commissionsProcessed": false}], "paymentSlip": null, "phoneMobile": null, "drivingLicense": null, "proposalFormNo": "1112", "investmentAmount": 2000000}}	2026-04-03 09:35:25.529
79	UPDATE	MEMBER	\N	\N	\N	{"action": "position_targets_updated", "positionId": 3}	2026-04-03 09:57:43.821
80	UPDATE	MEMBER	\N	\N	\N	{"action": "position_orc_updated", "positionId": 3, "rateNonPermanent": 0.01}	2026-04-03 09:57:44.575
81	UPDATE	MEMBER	\N	\N	\N	{"action": "position_targets_updated", "positionId": 4}	2026-04-03 10:03:19.445
82	UPDATE	MEMBER	\N	\N	\N	{"action": "position_orc_updated", "positionId": 4, "rateNonPermanent": 0.0075}	2026-04-03 10:03:20.257
83	UPDATE	MEMBER	\N	\N	\N	{"action": "position_targets_updated", "positionId": 5}	2026-04-03 10:06:32.318
84	UPDATE	MEMBER	\N	\N	\N	{"action": "position_orc_updated", "positionId": 5, "rateNonPermanent": 0.006}	2026-04-03 10:06:33.153
85	UPDATE	MEMBER	\N	\N	\N	{"action": "position_targets_updated", "positionId": 6}	2026-04-03 10:12:51.339
86	UPDATE	MEMBER	\N	\N	\N	{"action": "position_orc_updated", "positionId": 6, "rateNonPermanent": 0.004}	2026-04-03 10:12:52.165
87	CREATE	CLIENT	2	\N	1	{"after": {"id": 2, "nic": "199999999921", "email": null, "idBack": "https://itcfwcgidijtnfjepsyk.supabase.co/storage/v1/object/public/kyc-documents/idBack/1775211980134-1f7d3fda-b6f0-488e-9cde-1a41bc0bf4ce.webp", "status": "Active", "address": "anywhere", "idFront": "https://itcfwcgidijtnfjepsyk.supabase.co/storage/v1/object/public/kyc-documents/idFront/1775211980133-4ab5fc11-8907-4270-b9e5-b81dafed227d.webp", "branchId": 1, "fullName": "Client 02", "memberId": 232, "proposal": "https://itcfwcgidijtnfjepsyk.supabase.co/storage/v1/object/public/kyc-documents/proposal/1775211980134-3453e34b-cc24-4bfc-8fbd-7dc6306e6cb7.webp", "agreement": "https://itcfwcgidijtnfjepsyk.supabase.co/storage/v1/object/public/kyc-documents/agreement/1775211980134-bb2583b2-69c6-4f75-8400-c3ec12dfee3e.webp", "createdAt": "2026-04-03T10:26:22.115Z", "phoneLand": null, "signature": "https://itcfwcgidijtnfjepsyk.supabase.co/storage/v1/object/public/kyc-documents/signatures/1775211948973-ec7cd949-019d-4215-9f25-71d71708770d.png", "updatedAt": "2026-04-03T10:26:22.115Z", "occupation": null, "passportNo": null, "createdById": null, "dateOfBirth": null, "investments": [{"id": 2, "amount": 600000, "planId": 5, "branchId": 1, "clientId": 2, "advisorId": null, "createdAt": "2026-04-03T10:26:23.051Z", "isMatured": false, "nomineeId": 2, "refNumber": "INV-709129", "updatedAt": "2026-04-03T10:26:23.051Z", "maturityDate": "2029-04-02T00:00:00.000Z", "beneficiaryId": 2, "investmentDate": "2026-04-02T00:00:00.000Z", "maturityNotified": false, "commissionsProcessed": false}], "paymentSlip": null, "phoneMobile": null, "drivingLicense": null, "proposalFormNo": "1113", "investmentAmount": 600000}}	2026-04-03 10:26:23.424
88	UPDATE	INVESTMENT	2	\N	1	{"after": {"advisorEmpNo": "PM000115"}, "before": {"advisorId": null}, "updatedField": "advisorId"}	2026-04-03 10:27:26.94
89	CREATE	COMMISSION	2	\N	1	{"processedAt": "2026-04-03T10:27:35.944Z", "advisorEmpNo": "PM000115", "investmentId": 2}	2026-04-03 10:27:36.004
90	CREATE	PROFIT	1	\N	\N	{"totalProfit": null, "investmentId": 2, "commissionPayout": null, "investmentAmount": 600000}	2026-04-03 10:27:38.067
91	CREATE	MEMBER	249	\N	6	{"name": "Sample", "empNo": "PM000125"}	2026-04-04 04:58:21.634
92	CREATE	CLIENT	9	\N	1	{"after": {"id": 9, "nic": "199999999932", "email": null, "idBack": null, "status": "Active", "address": "anywhere", "idFront": null, "branchId": 1, "fullName": "Client 03", "memberId": 232, "proposal": null, "agreement": null, "createdAt": "2026-04-04T05:22:50.239Z", "phoneLand": null, "signature": "https://itcfwcgidijtnfjepsyk.supabase.co/storage/v1/object/public/kyc-documents/signatures/1775280148417-84faf38c-c778-413e-8006-3a537ec7de5e.png", "updatedAt": "2026-04-04T05:22:50.239Z", "occupation": null, "passportNo": null, "createdById": null, "dateOfBirth": null, "investments": [{"id": 3, "amount": 6000000, "planId": 6, "branchId": 1, "clientId": 9, "advisorId": null, "createdAt": "2026-04-04T05:22:50.911Z", "isMatured": false, "nomineeId": 3, "refNumber": "INV-183865", "updatedAt": "2026-04-04T05:22:50.911Z", "maturityDate": "2031-04-04T00:00:00.000Z", "beneficiaryId": 3, "investmentDate": "2026-04-04T00:00:00.000Z", "maturityNotified": false, "commissionsProcessed": false}], "paymentSlip": null, "phoneMobile": null, "drivingLicense": null, "proposalFormNo": "1115", "investmentAmount": 6000000}}	2026-04-04 05:22:51.176
93	UPDATE	INVESTMENT	1	\N	6	{"after": {"advisorEmpNo": "PM000125"}, "before": {"advisorId": null}, "updatedField": "advisorId"}	2026-04-04 08:29:27.838
94	CREATE	COMMISSION	1	\N	6	{"processedAt": "2026-04-04T08:29:35.194Z", "advisorEmpNo": "PM000125", "investmentId": 1}	2026-04-04 08:29:35.198
95	CREATE	PROFIT	2	\N	\N	{"totalProfit": 1800000, "investmentId": 1, "commissionPayout": 200000, "investmentAmount": 2000000}	2026-04-04 08:29:38.411
\.


--
-- Data for Name: Client; Type: TABLE DATA; Schema: public; Owner: postgres
--

COPY "public"."Client" ("id", "email", "address", "branchId", "createdAt", "updatedAt", "dateOfBirth", "drivingLicense", "fullName", "nic", "occupation", "passportNo", "phoneLand", "phoneMobile", "status", "investmentAmount", "agreement", "idBack", "idFront", "signature", "proposal", "paymentSlip", "memberId", "proposalFormNo", "createdById") FROM stdin;
1	\N	anywhere	6	2026-04-03 09:35:24.581	2026-04-03 09:35:24.581	\N	\N	Client 01	199999999999	\N	\N	\N	\N	Active	2000000	https://itcfwcgidijtnfjepsyk.supabase.co/storage/v1/object/public/kyc-documents/agreement/1775208922194-aac55adf-cfe0-4474-97bc-6e67e53ae2e7.webp	https://itcfwcgidijtnfjepsyk.supabase.co/storage/v1/object/public/kyc-documents/idBack/1775208922194-eb276ad2-a912-4a61-909c-d22d0a37bba2.webp	https://itcfwcgidijtnfjepsyk.supabase.co/storage/v1/object/public/kyc-documents/idFront/1775208922194-c461e2f0-9d5b-4839-acd5-5416eb902a4f.webp	https://itcfwcgidijtnfjepsyk.supabase.co/storage/v1/object/public/kyc-documents/signatures/1775208738067-aa3479c3-3658-45d1-91b0-655d6e7b6e3f.png	https://itcfwcgidijtnfjepsyk.supabase.co/storage/v1/object/public/kyc-documents/proposal/1775208922194-054f0dc0-0e08-4472-8af3-323b77a2f809.webp	\N	148	1112	\N
2	\N	anywhere	1	2026-04-03 10:26:22.115	2026-04-03 10:26:22.115	\N	\N	Client 02	199999999921	\N	\N	\N	\N	Active	600000	https://itcfwcgidijtnfjepsyk.supabase.co/storage/v1/object/public/kyc-documents/agreement/1775211980134-bb2583b2-69c6-4f75-8400-c3ec12dfee3e.webp	https://itcfwcgidijtnfjepsyk.supabase.co/storage/v1/object/public/kyc-documents/idBack/1775211980134-1f7d3fda-b6f0-488e-9cde-1a41bc0bf4ce.webp	https://itcfwcgidijtnfjepsyk.supabase.co/storage/v1/object/public/kyc-documents/idFront/1775211980133-4ab5fc11-8907-4270-b9e5-b81dafed227d.webp	https://itcfwcgidijtnfjepsyk.supabase.co/storage/v1/object/public/kyc-documents/signatures/1775211948973-ec7cd949-019d-4215-9f25-71d71708770d.png	https://itcfwcgidijtnfjepsyk.supabase.co/storage/v1/object/public/kyc-documents/proposal/1775211980134-3453e34b-cc24-4bfc-8fbd-7dc6306e6cb7.webp	\N	232	1113	\N
9	\N	anywhere	1	2026-04-04 05:22:50.239	2026-04-04 05:22:50.239	\N	\N	Client 03	199999999932	\N	\N	\N	\N	Active	6000000	\N	\N	\N	https://itcfwcgidijtnfjepsyk.supabase.co/storage/v1/object/public/kyc-documents/signatures/1775280148417-84faf38c-c778-413e-8006-3a537ec7de5e.png	\N	\N	232	1115	\N
\.


--
-- Data for Name: Beneficiary; Type: TABLE DATA; Schema: public; Owner: postgres
--

COPY "public"."Beneficiary" ("id", "fullName", "nic", "phone", "bankName", "bankBranch", "accountNo", "relationship", "createdAt", "updatedAt", "clientId") FROM stdin;
1	Beni. 01	\N						2026-04-03 09:35:24.866	2026-04-03 09:35:24.866	1
2	Beni	\N						2026-04-03 10:26:22.5	2026-04-03 10:26:22.5	2
3	Beni	\N						2026-04-04 05:22:50.506	2026-04-04 05:22:50.506	9
\.


--
-- Data for Name: ClientDocumentRequest; Type: TABLE DATA; Schema: public; Owner: postgres
--

COPY "public"."ClientDocumentRequest" ("id", "clientId", "token", "createdById", "expiresAt", "used", "createdAt") FROM stdin;
8	1	1142c7da8e7f8539dff10b11c8b92d677ed891ae97e78d95c27d3514e9dccc89	494f6181-e2a4-4f1a-911a-c60fc804871d	2026-04-06 08:25:00.725	f	2026-04-04 08:25:00.731
9	1	50afbabd7b2a9596054fb237e69810926ac11ab8c11cf4c1904b856cad54aee7	494f6181-e2a4-4f1a-911a-c60fc804871d	2026-04-06 08:25:29.842	f	2026-04-04 08:25:29.842
10	1	e4c11db6920fe4f70fd9e3b714b21b58facec871f2b47ab0249f6ba302e0e22b	494f6181-e2a4-4f1a-911a-c60fc804871d	2026-04-06 08:34:15.349	f	2026-04-04 08:34:15.351
\.


--
-- Data for Name: ClientDocument; Type: TABLE DATA; Schema: public; Owner: postgres
--

COPY "public"."ClientDocument" ("id", "requestId", "idFront", "idBack", "uploadedAt", "paymentSlip") FROM stdin;
\.


--
-- Data for Name: FinancialPlan; Type: TABLE DATA; Schema: public; Owner: postgres
--

COPY "public"."FinancialPlan" ("id", "name", "duration", "rate", "description", "createdAt", "updatedAt", "status", "investment") FROM stdin;
1	Super plus	12	32	Super plus	2026-04-03 09:21:57.731	2026-04-03 09:21:57.731	Active	50000
3	Super gold	18	34	Super gold	2026-04-03 09:22:34.437	2026-04-03 09:22:34.437	Active	50000
4	Super gold plus	24	36	Super gold plus	2026-04-03 09:22:59.467	2026-04-03 09:22:59.467	Active	50000
6	Super diamond plus	60	40	Super diamond plus	2026-04-03 09:23:58.908	2026-04-03 09:23:58.908	Active	50000
5	Super diamond	36	38	Super Diamond	2026-04-03 09:23:31.641	2026-04-03 09:24:11.91	Active	50000
\.


--
-- Data for Name: Nominee; Type: TABLE DATA; Schema: public; Owner: postgres
--

COPY "public"."Nominee" ("id", "fullName", "permanentAddress", "postalAddress", "createdAt", "updatedAt", "clientId") FROM stdin;
1	Nomine		\N	2026-04-03 09:35:24.996	2026-04-03 09:35:24.996	1
2	Nomi		\N	2026-04-03 10:26:22.685	2026-04-03 10:26:22.685	2
3	nomi		\N	2026-04-04 05:22:50.639	2026-04-04 05:22:50.639	9
\.


--
-- Data for Name: Investment; Type: TABLE DATA; Schema: public; Owner: postgres
--

COPY "public"."Investment" ("id", "investmentDate", "amount", "clientId", "planId", "createdAt", "updatedAt", "advisorId", "commissionsProcessed", "refNumber", "branchId", "beneficiaryId", "nomineeId", "isMatured", "maturityDate", "maturityNotified") FROM stdin;
2	2026-04-02 00:00:00	600000	2	5	2026-04-03 10:26:23.051	2026-04-03 10:27:32.389	233	t	INV-709129	1	2	2	f	2029-04-02 00:00:00	f
3	2026-04-04 00:00:00	6000000	9	6	2026-04-04 05:22:50.911	2026-04-04 05:22:50.911	\N	f	INV-183865	1	3	3	f	2031-04-04 00:00:00	f
1	2026-04-04 00:00:00	2000000	1	6	2026-04-03 09:35:25.245	2026-04-04 08:29:33.707	249	t	INV-412917	6	1	1	f	2031-04-04 00:00:00	f
\.


--
-- Data for Name: Commission; Type: TABLE DATA; Schema: public; Owner: postgres
--

COPY "public"."Commission" ("id", "investmentId", "memberEmpNo", "amount", "type", "createdAt", "refNumber", "branchId") FROM stdin;
1	2	PM000115	60000	PERSONAL	2026-04-03 10:27:32.787	COM-1775212052782-11L42	1
2	2	PM000113	9000	UPLINE	2026-04-03 10:27:33.412	COM-1775212053406-KX1EK	1
3	2	PM000026	4500	UPLINE	2026-04-03 10:27:34.487	COM-1775212054486-CY1SL	1
4	2	PM000114	4500	UPLINE	2026-04-03 10:27:35.214	COM-1775212055214-NJYUZ	1
5	1	PM000125	200000	PERSONAL	2026-04-04 08:29:34.273	COM-1775291374270-9XGQK	6
\.


--
-- Data for Name: CommissionRate; Type: TABLE DATA; Schema: public; Owner: postgres
--

COPY "public"."CommissionRate" ("createdAt", "updatedAt", "id", "positionId", "rateNonPermanent", "ratePermanent") FROM stdin;
2026-04-02 07:55:48.045	2026-04-02 10:27:58.624	19	2	0.015	0
2026-04-02 10:27:53.513	2026-04-02 10:27:53.513	23	1	0	0
2026-04-02 10:28:04.286	2026-04-03 09:57:44.455	25	3	0.01	0
2026-04-02 10:28:09.847	2026-04-03 10:03:20.124	26	4	0.0075	0
2026-04-02 10:28:24.128	2026-04-03 10:06:33.021	28	5	0.006	0
2026-04-03 10:12:52.028	2026-04-03 10:12:52.028	4	6	0.004	0
2026-04-02 09:28:52.776	2026-04-03 10:14:29.75	20	11	0	0
2026-04-03 10:15:19.399	2026-04-03 10:15:19.399	6	12	0	0
2026-04-03 10:16:43.764	2026-04-03 10:16:43.764	7	13	0	0.01
2026-04-03 10:17:24.107	2026-04-03 10:17:24.107	8	14	0	-0.0025
2026-04-03 10:18:03.371	2026-04-03 10:18:03.371	9	15	0	-0.0125
2026-04-03 10:18:52.681	2026-04-03 10:18:52.681	10	16	0	0.005
2026-04-03 10:19:37.725	2026-04-03 10:19:37.725	11	17	0	0.005
2026-04-03 10:20:22.296	2026-04-03 10:20:22.296	12	18	0	0.0025
2026-04-03 10:21:04.251	2026-04-03 10:21:04.251	13	19	0	0.0025
\.


--
-- Data for Name: MemberBranch; Type: TABLE DATA; Schema: public; Owner: postgres
--

COPY "public"."MemberBranch" ("id", "memberId", "branchId") FROM stdin;
412	249	6
236	127	8
239	130	8
248	139	4
257	148	6
260	151	6
264	155	5
265	156	5
266	157	5
268	159	5
269	160	5
270	161	5
271	162	5
274	165	8
276	167	7
277	168	7
279	170	8
280	171	8
281	172	8
282	173	8
283	174	8
284	175	8
285	176	8
286	177	8
287	178	4
291	182	2
294	185	2
295	186	2
309	200	4
310	201	4
311	202	4
312	203	7
313	204	4
314	205	4
315	206	7
316	207	7
317	208	7
318	209	7
319	210	7
320	211	7
321	212	7
322	213	7
323	214	2
324	215	2
325	216	2
326	217	2
328	219	8
330	221	8
331	222	2
332	223	9
333	224	9
334	225	9
335	226	9
336	227	9
337	228	9
338	229	9
339	230	2
341	232	1
342	233	1
343	234	6
344	235	8
345	236	10
346	237	10
347	238	10
348	239	10
349	240	10
350	241	10
351	242	10
352	124	6
356	154	6
364	122	6
372	179	6
375	220	6
377	147	1
379	231	1
380	126	2
381	143	2
384	183	2
385	184	2
390	132	3
391	133	3
392	198	3
394	131	4
395	134	4
396	135	4
397	136	4
401	141	4
404	152	4
405	153	4
406	158	4
\.


--
-- Data for Name: MonthlyEvaluation; Type: TABLE DATA; Schema: public; Owner: postgres
--

COPY "public"."MonthlyEvaluation" ("id", "memberId", "year", "month", "periodNumber", "monthInPeriod", "volumeAchieved", "targetAmount", "bonusEarned", "excessBonus", "targetHit", "createdAt") FROM stdin;
\.


--
-- Data for Name: MonthlyPayroll; Type: TABLE DATA; Schema: public; Owner: postgres
--

COPY "public"."MonthlyPayroll" ("id", "memberId", "year", "month", "volumeAchieved", "monthlyTarget", "incentiveEarned", "allowanceEarned", "orcEarned", "commissionEarned", "epfDeduction", "epfEmployer", "etfEmployer", "incentiveHit", "allowanceHit", "grossPay", "netPay", "createdAt", "basicSalaryPermanent") FROM stdin;
1	233	2026	4	600000	0	0	0	0	0	0	0	0	f	f	0	0	2026-04-03 10:27:32.523	0
2	231	2026	4	600000	0	0	0	0	0	0	0	0	f	f	0	0	2026-04-03 10:27:34.245	0
3	147	2026	4	600000	0	0	0	0	0	0	0	0	f	f	0	0	2026-04-03 10:27:34.97	0
4	232	2026	4	600000	0	0	0	0	0	0	0	0	f	f	0	0	2026-04-03 10:27:35.7	0
5	249	2026	4	2000000	0	0	0	0	0	0	0	0	f	f	0	0	2026-04-04 08:29:33.894	0
\.


--
-- Data for Name: PermanentEvaluation; Type: TABLE DATA; Schema: public; Owner: postgres
--

COPY "public"."PermanentEvaluation" ("id", "memberId", "year", "month", "volumeAchieved", "monthlyTarget", "incentiveEarned", "allowanceEarned", "incentiveHit", "allowanceHit", "createdAt") FROM stdin;
\.


--
-- Data for Name: PositionSalary; Type: TABLE DATA; Schema: public; Owner: postgres
--

COPY "public"."PositionSalary" ("id", "positionId", "monthlyTarget", "incentiveAmount", "allowanceAmount", "commRateLow", "commRateHigh", "commThreshold", "epfEmployee", "epfEmployer", "etfEmployer", "allowanceThresholdPermanent", "allowanceThresholdProbation", "basicSalaryPermanent", "basicSalaryProbation") FROM stdin;
3	11	2500000	50000	20000	5	8	500000	8	12	3	1	0.75	20000	0
2	12	2999999	50000	20000	0.05	0.08	500000	0.08	0.12	0.03	1	0.75	30000	0
1	13	5000000	50000	30000	0.05	0.08	500000	0.08	0.12	0.03	1	0.75	40000	0
4	14	8000000	50000	40000	0.05	0.08	500000	0.08	0.12	0.03	1	0.75	50000	0
5	15	10000000	550000	50000	0.05	0.08	500000	0.08	0.12	0.03	1	0.75	55000	0
6	16	17000000	100000	120000	0.05	0.08	500000	0.08	0.12	0.03	1	0.75	65000	0
7	17	20000000	110000	140000	0.05	0.08	500000	0.08	0.12	0.03	1	0.75	75000	0
8	18	27000000	140000	150000	0.05	0.08	500000	0.08	0.12	0.03	1	0.75	80000	0
9	19	32000000	150000	160000	0.05	0.08	500000	0.08	0.12	0.03	1	0.75	90000	0
\.


--
-- Data for Name: PositionTarget; Type: TABLE DATA; Schema: public; Owner: postgres
--

COPY "public"."PositionTarget" ("id", "positionId", "periodNumber", "monthNumber", "targetAmount", "bonusAmount", "excessRate", "partialBonus", "partialThreshold", "bonusThresholdPct", "minActiveAdvisors", "minActiveBMs", "minActiveFMs", "teamActiveAmount", "teamActiveThresholdPct", "vehicleAmount", "vehicleThresholdPct", "after6MonthTarget") FROM stdin;
1	1	1	1	1500000	50000	0.005	20000	100000	1	0	0	0	0	0	0	0	0
2	1	1	2	1500000	50000	0.005	20000	100000	1	0	0	0	0	0	0	0	0
3	1	1	3	1500000	50000	0.005	20000	100000	1	0	0	0	0	0	0	0	0
4	1	2	1	1500000	50000	0.005	20000	300000	1	0	0	0	0	0	0	0	0
5	1	2	2	1500000	50000	0.005	20000	300000	1	0	0	0	0	0	0	0	0
6	1	2	3	1500000	50000	0.005	20000	300000	1	0	0	0	0	0	0	0	0
7	2	1	1	500000	22000	0	0	0	1	1	0	0	26000	0.85	15000	0.75	4000000
8	2	1	2	500000	22000	0	0	0	1	3	0	0	26000	0.85	15000	0.75	4000000
9	2	1	3	500000	22000	0	0	0	1	4	0	0	26000	0.85	15000	0.75	4000000
10	2	2	1	1000000	22000	0	0	0	1	5	0	0	26000	0.85	15000	0.75	4000000
11	2	2	2	1000000	22000	0	0	0	1	5	0	0	26000	0.85	15000	0.75	4000000
12	2	2	3	1000000	22000	0	0	0	1	6	0	0	26000	0.85	15000	0.75	4000000
31	3	1	1	2500000	30000	0	0	0	1	1	0	1	100000	0.85	100000	0.6	8000000
32	3	1	2	2500000	30000	0	0	0	1	1	0	1	100000	0.85	100000	0.6	8000000
33	3	1	3	2500000	30000	0	0	0	1	4	0	3	100000	0.85	100000	0.6	8000000
34	3	2	1	3000000	30000	0	0	0	1	5	0	2	100000	0.85	100000	0.6	8000000
35	3	2	2	3000000	30000	0	0	0	1	5	0	3	100000	0.85	100000	0.6	8000000
36	3	2	3	3000000	30000	0	0	0	1	6	0	4	100000	0.85	100000	0.6	8000000
55	4	1	1	6000000	60000	0	0	0	1	4	1	2	130000	0.8	140000	0.7	15000000
56	4	1	2	6000000	60000	0	0	0	1	8	2	4	130000	0.8	140000	0.7	15000000
57	4	1	3	6000000	60000	0	0	0	1	9	2	4	130000	0.8	140000	0.7	15000000
58	4	2	1	8000000	60000	0	0	0	1	14	3	6	130000	0.8	140000	0.7	15000000
59	4	2	2	8000000	60000	0	0	0	1	18	4	8	130000	0.8	140000	0.7	15000000
60	4	2	3	8000000	60000	0	0	0	1	20	5	8	130000	0.8	140000	0.7	15000000
67	5	1	1	10000000	80000	0	0	0	1	8	2	4	150000	0.75	140000	0.7	25000000
68	5	1	2	10000000	80000	0	0	0	1	8	2	4	150000	0.75	140000	0.7	25000000
69	5	1	3	10000000	80000	0	0	0	1	16	4	8	150000	0.75	140000	0.7	25000000
70	5	2	1	15000000	80000	0	0	0	1	22	5	10	150000	0.75	140000	0.7	25000000
71	5	2	2	15000000	80000	0	0	0	1	25	5	10	150000	0.75	140000	0.7	25000000
72	5	2	3	15000000	80000	0	0	0	1	30	6	10	150000	0.75	140000	0.7	25000000
73	6	1	1	20000000	110000	0	0	0	1	8	2	4	160000	0.7	140000	0.65	35000000
74	6	1	2	20000000	110000	0	0	0	1	8	2	4	160000	0.7	140000	0.65	35000000
75	6	1	3	20000000	110000	0	0	0	1	16	3	8	160000	0.7	140000	0.65	35000000
76	6	2	1	30000000	110000	0	0	0	1	22	5	10	160000	0.7	140000	0.65	35000000
77	6	2	2	30000000	110000	0	0	0	1	25	5	10	160000	0.7	140000	0.65	35000000
78	6	2	3	30000000	110000	0	0	0	1	30	6	10	160000	0.7	140000	0.65	35000000
\.


--
-- Data for Name: Profit; Type: TABLE DATA; Schema: public; Owner: postgres
--

COPY "public"."Profit" ("id", "investmentId", "investmentAmount", "commissionPayout", "totalProfit") FROM stdin;
1	2	600000	NaN	NaN
2	1	2000000	200000	1800000
\.


--
-- Data for Name: Quotation; Type: TABLE DATA; Schema: public; Owner: postgres
--

COPY "public"."Quotation" ("id", "clientName", "clientNic", "clientAge", "planType", "frequency", "duration", "premium", "retirementAge", "totalInvested", "interestRate", "interestEarned", "maturityAmount", "notes", "createdAt", "updatedAt", "createdById") FROM stdin;
cmnmsrfco0000souvr213wb09	test 01	111111111	9	CHILD	MONTHLY	6	15000	\N	540000	15	81000	621000	test	2026-04-06 06:16:08.567	2026-04-06 06:16:08.567	4105f420-8ea6-4fb7-9072-c5ac991c0376
\.


--
-- Data for Name: _prisma_migrations; Type: TABLE DATA; Schema: public; Owner: postgres
--

COPY "public"."_prisma_migrations" ("id", "checksum", "finished_at", "migration_name", "logs", "rolled_back_at", "started_at", "applied_steps_count") FROM stdin;
da21c1b2-5bb1-4cd0-acf2-d1c0a43e8aa4	938fd54fc1947c433f3d8614c67cd187671c97c3e267541a2fa8d71ab3a732ea	2026-04-03 05:00:11.661532+00	20260223050319_dev	\N	\N	2026-04-03 05:00:10.19141+00	1
70b198fb-89ce-410f-9f7a-dc0c269d7914	6f407b1f34c9de69dc29044599222c2f19cd1a5741e2bdc3a93f589dfc4d33d6	2026-04-03 04:59:28.323773+00	20260109095238_init	\N	\N	2026-04-03 04:59:26.262043+00	1
6d9bf49e-ddae-4f2b-91cc-faca2b5f273b	e8e1876f9590346ee4ff2ff17bc28e0a2467a5c4484f914c128e22b6432fccce	2026-04-03 04:59:46.865189+00	20260122044316_dev	\N	\N	2026-04-03 04:59:46.262849+00	1
d851acde-96a1-47b3-b834-40d891459935	e72d64d578d4d29a99a63adbaa680df0b623061ea696f56c17ee2595a73e5ff1	2026-04-03 04:59:29.304724+00	20260109100915_init	\N	\N	2026-04-03 04:59:28.573335+00	1
e75158c7-fb8e-4af2-abc5-7093199e01c1	901c2c01a257310a240603c2e3a6551d74a2ceadd85beea2ad619ac451eb676b	2026-04-03 04:59:30.539899+00	20260112072819_dev	\N	\N	2026-04-03 04:59:29.549251+00	1
c49a38cf-8530-41ee-843a-266a696d9584	232d385bc1318a3a3753ba6fb25fa4e0d82b43401271eac1ec76cdd7bdf60af7	2026-04-03 04:59:56.394306+00	20260129053457_dev	\N	\N	2026-04-03 04:59:55.526322+00	1
4365e6d1-a392-4db0-a3eb-6336d3e62839	338264707afa8c89be7f7a7f6c80d75ee7a67f1c476cec9c7dbf36c9fcb87c08	2026-04-03 04:59:32.704797+00	20260112075809_dev	\N	\N	2026-04-03 04:59:30.784251+00	1
206af64e-f6c6-4fe7-abe8-8862a4758081	0de6aed4624ca789c88a96af644732d51b8b5d8dc07a57951cb256816ff411fe	2026-04-03 04:59:47.716807+00	20260123041433_dev	\N	\N	2026-04-03 04:59:47.112183+00	1
52fe4bbc-2c04-42fc-b0d3-f6c0a6c8e2e8	edff4838f1183c76df57f24163f88518abc4974751e74832924f0f4027dd0cc2	2026-04-03 04:59:33.690315+00	20260113083304_dev	\N	\N	2026-04-03 04:59:32.949716+00	1
1858aca3-6686-4f63-8864-08622918c9e7	a50afd875a30b48b3e99bc9b6e4fbdc81bfaf0feeee7f25d13f7a84f3fbb6793	2026-04-03 04:59:34.941416+00	20260114081003_dev	\N	\N	2026-04-03 04:59:33.938071+00	1
3da8f077-360a-4f3c-ac5e-3edd3c5f7955	3c5b32238b636237bb68d7a8176210d21e8d0300db177152b5d00523403595d2	2026-04-03 04:59:35.790183+00	20260114085245_dev	\N	\N	2026-04-03 04:59:35.181666+00	1
26a571c1-ec03-431d-978a-981473d6b61c	cd7edfbbcf093fb38794d48ae8217b847837bdb08ea0548e454b453b4be5fc92	2026-04-03 04:59:48.821027+00	20260123044311_dev_posision_up	\N	\N	2026-04-03 04:59:47.956488+00	1
ba6d954c-1d87-4967-bbe5-ac306d86c503	81f9b6d3257c253b6169d510c778ad64814cc95c801ae7b089ecad4df9477c6e	2026-04-03 04:59:38.722233+00	20260116060711_dev	\N	\N	2026-04-03 04:59:36.059001+00	1
bef3308c-54da-4bd3-b0a0-e293001f3735	ae075cf4e8f8e9f04665bad35409c66f6a93cbde4062865530ef39a6a7e81b13	2026-04-03 04:59:39.891829+00	20260116065507_dev	\N	\N	2026-04-03 04:59:38.960999+00	1
1066b704-f751-4e27-82a8-1b9d7974b163	c8c331b718b6fca7529a64f0b66dfe9b7cb9602c87321ba16319ff2b386ba270	2026-04-03 05:00:02.659554+00	20260202053707_dev	\N	\N	2026-04-03 05:00:01.90729+00	1
bc3b061d-59e2-486a-aa15-64f037a4e208	f08102eea680a704859101241ea16d0c32cbf3fa0588afa852c238238283c46c	2026-04-03 04:59:41.308854+00	20260120054509_dev	\N	\N	2026-04-03 04:59:40.135731+00	1
e3572e49-9bf7-4b1c-b316-6d9b0797ed13	53b06bbc3b0806f256d5d2d8bee833c605715fea07134e29a8580a80f36486ea	2026-04-03 04:59:50.351177+00	20260123055442_dev_com	\N	\N	2026-04-03 04:59:49.37055+00	1
ea63040c-f6d0-4019-a82a-9be70a55b00d	26a6a9f5357ffc192a87b87caac82ebafc8068bde351991cd3baf8834990cb20	2026-04-03 04:59:42.272338+00	20260120071116_dev	\N	\N	2026-04-03 04:59:41.550644+00	1
e259f8d6-0eba-4445-9eb4-297ffa918fda	4d10a401fadb90f3857a7f0fd9d0e4447daf64ad97e336859f0afe3346a0cdd9	2026-04-03 04:59:43.257634+00	20260121035612_dev	\N	\N	2026-04-03 04:59:42.518487+00	1
80bf3468-471f-42f9-b6ba-0e4d139da205	ad0330a03b2799d3226125e684d08a6f96115f14d46fe75b4872bd8b1b4aab7e	2026-04-03 04:59:57.624176+00	20260129070858_dev	\N	\N	2026-04-03 04:59:56.636204+00	1
09f561c0-5f16-4023-8293-10c1c92a7469	db8f5907328df3937bea6e52231303ff68f1bdaf28707410afb78f170c94fb5a	2026-04-03 04:59:44.120096+00	20260121040006_dev_reset	\N	\N	2026-04-03 04:59:43.498025+00	1
fa0a25b1-6d65-4c64-a3c8-ed9e7a945a2a	07eabf5968cc27bf8cfea2ba0ca96579f1c31886cac9b502ae36bfdba97a3a3a	2026-04-03 04:59:51.464285+00	20260123090221_dev	\N	\N	2026-04-03 04:59:50.597224+00	1
32a0e778-2ba1-49d4-9d20-ef16ebbd21c3	2c47ac9ced69fa1d7885883ad0a3943d269ae3676c05aa2090b13ed3783c4397	2026-04-03 04:59:45.711041+00	20260121050131_dev_reset	\N	\N	2026-04-03 04:59:44.36547+00	1
cb0f3992-a76d-435c-857b-67d4f16fdaee	2540e4fc007cc0026826eec4c0f1113dbdf9194b414e57452a774d687f9f84ae	2026-04-03 04:59:52.714962+00	20260127102329_dev	\N	\N	2026-04-03 04:59:51.720575+00	1
9d7b25d6-c945-4cc4-856f-720f8a19b4c4	2a11dd9b8cfb7edfe58390a1222ceb04ad47ec7ad1db16727f4fcb70dc6553d8	2026-04-03 04:59:53.565391+00	20260127103902_dev	\N	\N	2026-04-03 04:59:52.956587+00	1
e9c14f5e-3f7c-4c97-b9a4-f123a67c9ebc	96456687f00cf12fdd0a70dd88c0d401fc36c47d31638af827604618692da912	2026-04-03 04:59:58.469533+00	20260129092400_dev	\N	\N	2026-04-03 04:59:57.865988+00	1
5b7c6c86-5e6b-4c26-8239-73701c8e18aa	506ddbba386113f809285167e886b72fc1bb3136e67f1a81f88d6ea3e71aca33	2026-04-03 04:59:54.427818+00	20260127104124_devlo	\N	\N	2026-04-03 04:59:53.806287+00	1
c23a5be8-0a98-4e66-b4bd-8d9c853fb1cd	6e4ef611f82457df6638fff4dfdefddee6d1778f34d73607eeb43ac1ed66cf06	2026-04-03 04:59:55.284677+00	20260128041201_dev	\N	\N	2026-04-03 04:59:54.672277+00	1
86d15d97-d1f5-43c4-b95a-b871f323e2c0	219cd8e1357f1e7b05ee7ea3d8ee297833a528cff288a399503012597720bf8e	2026-04-03 05:00:06.319029+00	20260217035031_dev_inv	\N	\N	2026-04-03 05:00:05.707531+00	1
d92e00cd-590b-4f11-859a-6caf0c61e8f1	b1b4fc89724a1f28f4f3b8d051a52e6177d7f26edcfc60840362a600766f95f5	2026-04-03 04:59:59.7063+00	20260130035911_dev	\N	\N	2026-04-03 04:59:58.71515+00	1
b2394263-9086-4140-a003-a054b7df44fe	30059598094330ca4f82a36b7c2f30d324581d9ebb1196161e685fe41f97e862	2026-04-03 05:00:03.516095+00	20260202054450_dev	\N	\N	2026-04-03 05:00:02.899931+00	1
e0c9d9ca-46ad-4e91-acb6-24b5d4a1ab18	6506ca5b06c105dca2950e5d89a7f8453d5fe15248b45ccad9e49e6714a3c77f	2026-04-03 05:00:00.689573+00	20260130040048_dev	\N	\N	2026-04-03 04:59:59.948682+00	1
5e2c7614-345a-45b2-a075-312d5b19eb87	06a09625c978e0796b8381441647b7222866cdac8ecde25114ea3c626fba8071	2026-04-03 05:00:01.667606+00	20260130041951_dev	\N	\N	2026-04-03 05:00:00.932179+00	1
b7de0008-dd35-4978-a975-6b589ae3907e	094e0f883d0389ae767a90018a2c7734653c25c61808841e216a315dd2a4aa73	2026-04-03 05:00:04.369822+00	20260202054907_dev	\N	\N	2026-04-03 05:00:03.756571+00	1
df643b9c-209d-44db-9de5-1a2b3d4e173c	5f2c929c71c278ade3f4cbfc9554c5d4e2e32254e1a5319131cd1a4ff31a6a72	2026-04-03 05:00:09.948963+00	20260219050622_activity_log	\N	\N	2026-04-03 05:00:08.173285+00	1
0a84bef5-5d0f-4f19-aae6-a95a46e63f0b	5891cbe60501b03f0b259cb25b39a899c4d3f8c1e50e0a13a86fa36a2018c1b0	2026-04-03 05:00:05.466013+00	20260205052935_dev	\N	\N	2026-04-03 05:00:04.620443+00	1
5fbdfe9a-d1a1-4b4e-b455-a39c326d20d0	6f401d59bea0c340a6db066a2f35677144f5f0cc69e063cb8f90e16487f1da34	2026-04-03 05:00:07.909027+00	20260217080007_add_commission_ref_number	\N	\N	2026-04-03 05:00:06.882559+00	1
59a010fd-190a-4d66-afaf-df49ebe92477	eded6f05d8558bc4220127ad808a52fca0a1bffe5b6c0d4ea4ee338d15ea3666	2026-04-03 05:00:12.519317+00	20260223054225_dev	\N	\N	2026-04-03 05:00:11.904522+00	1
91c4a9d1-2ddd-4429-b322-2b560809ef5d	b1915a7a3faad8389740f0b3fee5a725ca5e26fd7e8a8235214ab02ce005ce96	2026-04-03 05:00:14.35213+00	20260223062509_dev	\N	\N	2026-04-03 05:00:12.76204+00	1
b9de5332-7188-4a09-89e0-a411679f010e	a7c5594a89d6d5f87e8792b98244417e30462faf44bc83a3a46b5a750daa389d	2026-04-03 05:00:15.331728+00	20260223063947_dev	\N	\N	2026-04-03 05:00:14.593212+00	1
7d4f3b1c-baa2-4528-a24c-b6be09b5d91e	3f45fc928e6a9b60fb5e44291760647e260d418fe725eac0868e8f86f03144eb	2026-04-03 05:00:16.177563+00	20260223065631_dev	\N	\N	2026-04-03 05:00:15.575512+00	1
f802e3a8-a7d1-4842-9dd3-29750682657c	df67156d1419bfd4dc0ffef173afd4534970d3e832c8f655d2f903e328a1436e	2026-04-03 05:00:17.021666+00	20260223071510_dev	\N	\N	2026-04-03 05:00:16.415787+00	1
f28a4b54-ef08-4b41-b092-1c822b58491e	7cd3eddcedc0816a3c946d7527f8e495445bda032beef6d7602c7448427c8267	2026-04-03 05:00:17.989146+00	20260223105845_dev	\N	\N	2026-04-03 05:00:17.26215+00	1
bcffafe4-e1ca-42d9-bf74-fb9742b7b851	e8f0feea3401c725676200572cc8a63184408a03908f355feaf23d27a758aee4	2026-04-03 05:00:59.319293+00	20260319080853_change	\N	\N	2026-04-03 05:00:58.700768+00	1
4d73155b-2ecb-47c6-97eb-be003a494914	8fbf9e208d11b9bfb9ae26f44b2a1df2d828003cb71cfb66e17738081be08336	2026-04-03 05:00:19.140317+00	20260224032206_dev	\N	\N	2026-04-03 05:00:18.232107+00	1
88ecdeac-8ce2-4e6a-9fe7-365953034a83	fb10bd90f65c8d84723107a9ca253905da86e4b883cbfbd42d5b66b665883f77	2026-04-03 05:00:37.489243+00	20260306102527_dev	\N	\N	2026-04-03 05:00:36.01253+00	1
71b1ea34-6162-4edc-b51a-38fbf1b12870	07dc4924c76d3f013f7c962077a8160679d0842eee34739845f132020f9138a9	2026-04-03 05:00:20.564768+00	20260224035449_dev	\N	\N	2026-04-03 05:00:19.387511+00	1
894723e5-1369-454d-bd9b-47b62f304318	47e2d86d6cc7d40d008761feb47a93bb904e3f43af7a84ea070b6df93ef38143	2026-04-03 05:00:21.405328+00	20260224041421_dev	\N	\N	2026-04-03 05:00:20.805742+00	1
3e5aea82-fef9-407c-b5bd-266f7bd57364	1009553ed8ea62d277fe4f457c9c2491f1e43acc2a6f4ff883c9dcb5ab52dd1b	2026-04-03 05:00:50.746147+00	20260316052609_dev	\N	\N	2026-04-03 05:00:50.147715+00	1
2cf7232f-9abb-43f4-9d7e-51253e7357f9	1323607eb66b749553ba4f79d333b25129e48d1e7667f3148bdadd6814069f69	2026-04-03 05:00:22.737942+00	20260224091402_reset	\N	\N	2026-04-03 05:00:21.646386+00	1
0362e0e8-e94e-432a-bf5c-f0d28af7e1db	b251c43b3884fc354bac1fe6e3bb3f82287e8e70aa42fa09bea1d94992430990	2026-04-03 05:00:38.344045+00	20260311032021_dev	\N	\N	2026-04-03 05:00:37.734111+00	1
b377a8ca-22fe-40f1-9932-67ed8a18a92b	137665486be7df4de1e5c230793be9fb5b3581543637b8cee6874237018fc5d0	2026-04-03 05:00:23.585248+00	20260225101101_dev	\N	\N	2026-04-03 05:00:22.978271+00	1
f8696ef6-fe27-4c4f-afeb-98edaa0cd8d1	c3a974f53a03b36b1615c46feb7580322d0b3ef3c6d22c6d212efc0c23c7939d	2026-04-03 05:00:24.55809+00	20260226040009_dev	\N	\N	2026-04-03 05:00:23.825077+00	1
ca701ef3-28e6-44dd-8eb2-67c712e7eefe	a4bf877d09eb4d43b9038cb0eaa759b7509872bcf48e2fd16df2f2043a3e6646	2026-04-03 05:00:26.085453+00	20260226103442_dev	\N	\N	2026-04-03 05:00:24.827314+00	1
78f10ea2-b1e3-415a-9b19-f9abd447d2da	e665e671579ec85b153fe9af698b91d504fadcacb1bcfc8e6c3983f93e52c37b	2026-04-03 05:00:41.001827+00	20260311075417_dev	\N	\N	2026-04-03 05:00:38.587018+00	1
9ae3cb3f-32db-4c29-8fb8-2b050f2e7a64	83cf710a6fed61f197f2d2d0fcc8f79791b2b25dc24c666dc8d988dbf6e59fad	2026-04-03 05:00:27.390909+00	20260227045347_dev	\N	\N	2026-04-03 05:00:26.33045+00	1
5213c950-f7e8-4c1d-9f72-c25775600cd9	4afad528a8d42e7bafd5b53dc3fb011bdcead3d984220c0fe42fc3ba2cd9d1f1	2026-04-03 05:00:28.363335+00	20260227083808_dev	\N	\N	2026-04-03 05:00:27.634109+00	1
5c6670af-065a-4c9b-9905-4c523b70a891	be44caa9fb4c0cf88ffcac521c1c0a93768304c820fdc7219032393ef24b233f	2026-04-03 05:00:56.641313+00	20260318061225_dev	\N	\N	2026-04-03 05:00:56.034918+00	1
762cb12d-b209-4a44-a061-35bf9e652d25	148e49d20a67855a356f83eb704be8821f58de4a74531b7fb9791fd15a92e3fb	2026-04-03 05:00:29.332615+00	20260227085457_dev	\N	\N	2026-04-03 05:00:28.604835+00	1
ae302da8-0ef8-4d5f-b6e3-efb9a0081c38	efb258221b6f74cddc9f19fd19d99fb270f29dad1a0cb8f58b76a5616a13dff0	2026-04-03 05:00:42.589295+00	20260311085344_dev	\N	\N	2026-04-03 05:00:41.244625+00	1
daf396d8-28c2-48b0-b09a-05c711eac0e8	e85b15bb69059df7ea878cc7e3ded8841890f7950c1af945a8d56e05ee4e3b26	2026-04-03 05:00:31.561296+00	20260303034502_dev	\N	\N	2026-04-03 05:00:29.578257+00	1
81c8e73b-5077-4a40-b6e6-336bfe35a584	08da17263d39af82ff3acc3c06b83d34a47f6030b9e825b99ca5bff31f0febab	2026-04-03 05:00:33.027492+00	20260303045043_dev	\N	\N	2026-04-03 05:00:31.801491+00	1
d1dfe4ad-9b55-4b02-b3fc-d6c81fc13345	a3a995ff465278e50132eee4a73a1a652d8d09ccc2ed02f2f4bf66c84f4fb317	2026-04-03 05:00:51.723128+00	20260316055424_dev	\N	\N	2026-04-03 05:00:50.985254+00	1
2d416ca0-347d-47fd-a21c-d4cc9dbd18d3	a4b104f9605a176c2a816403e1cb4de85a20350cdbc027e60a3e58404eda948d	2026-04-03 05:00:33.878325+00	20260304064854_dev	\N	\N	2026-04-03 05:00:33.2686+00	1
d266b9c9-27a4-4db8-9f55-da68a620d1db	90e36d6d40d78041009c8e065bd8f8202d2e1a7c057b660036642da2d8527819	2026-04-03 05:00:44.12611+00	20260313034145_add_allowance_thresholds	\N	\N	2026-04-03 05:00:43.475133+00	1
e74c7b58-c892-4af5-a006-8197fedc3751	ab5b4ed991c146b058af3f7210b72e3a0bdd85e7126abe4c00307f9da474a05a	2026-04-03 05:00:34.970378+00	20260305051329_dev	\N	\N	2026-04-03 05:00:34.119199+00	1
ecf41cd3-9914-445c-aaf5-3f53254d2cb0	d3cd81008fe670e4e6b9bf7ffb5066f7c344768523ff0e14d5fe337ba313232d	2026-04-03 05:00:47.137151+00	20260313041832_add_delete_update_on_casecade	\N	\N	2026-04-03 05:00:44.371699+00	1
e0c67e7b-542a-44c6-9b12-74ee8665803d	f41de373f92e423476547fe330275e2089a5c490d1ef4854d419a39d963c2b80	2026-04-03 05:00:48.100356+00	20260313074729_dev	\N	\N	2026-04-03 05:00:47.377366+00	1
f3e86f89-2686-41e4-95e2-6f6c183eb64a	84a175053cd23eb4e3170d37f5d95f137d8c4cbccc39a349bcf19570269277bd	2026-04-03 05:00:52.910007+00	20260316062121_dev	\N	\N	2026-04-03 05:00:52.291526+00	1
ef8722e5-e3eb-444f-9539-2702065f59ef	3cc2f1d58d2b6e5389f16d3b1cb6127af2b54049a12d9f16b259ae46f9fcd07a	2026-04-03 05:00:49.070672+00	20260313100833_dev	\N	\N	2026-04-03 05:00:48.344082+00	1
56b16297-f8e5-44de-b681-f1020256caee	585fb99afdac86dace61cda0e0482f994890e0e88e4420c77ca538a0f361b156	2026-04-03 05:00:49.908478+00	20260316051415_dev	\N	\N	2026-04-03 05:00:49.308632+00	1
5831dcd2-9092-4462-902b-c7d39d4d6609	6c1ec5305bbb1ab9c2fe72101944eb7dab46b24f82ae9d0ba89d6210b86adaba	2026-04-03 05:00:53.76027+00	20260316080845_dev	\N	\N	2026-04-03 05:00:53.147826+00	1
649e2de1-60f1-4357-839d-b75991a69f6a	fe4cb532473037955c973f7d654b3121aea8896293ac338db3c78937ddbd7e2c	2026-04-03 05:00:57.496176+00	20260318102759_extend_position_targets	\N	\N	2026-04-03 05:00:56.882151+00	1
5bbf572a-3795-4df2-97df-53984e041fea	ad056f1ea413fdd68a5c764662f927409114128f922b1e3cb503ffc80848962a	2026-04-03 05:00:54.950944+00	20260316092343_dev	\N	\N	2026-04-03 05:00:54.020193+00	1
ffe4dbfc-573d-47c5-b3f1-526097be9f5f	1ac4c359a3a1a24aa80331b6a2f090bd24d8c0153961536c9843713f7d1c41c3	2026-04-03 05:00:55.795242+00	20260316094928_dev	\N	\N	2026-04-03 05:00:55.19126+00	1
6cac42e6-a16b-49a4-8edf-e87831a6ea44	4ff87a7a3a07e1d3c98ecf644ad82adca9b0c5b0c8fa3ecfe2c4e339c9f410a7	2026-04-03 05:01:04.997228+00	20260323082747_dev	\N	\N	2026-04-03 05:01:04.269154+00	1
26151a67-dbb9-415f-909d-a5ecf6ef59f6	2ab277f0e55160969f30ee3402f35ca2bee1d328943389449d4e5a61cfd8d627	2026-04-03 05:00:58.459969+00	20260319061504_split_orc_rates	\N	\N	2026-04-03 05:00:57.735583+00	1
c9e7cfb1-27c7-484f-b697-4e2993d2dad9	0744b084f51fba1aeaef38c9004f3e84da278f203854926da5a1d1ee1686b067	2026-04-03 05:01:04.022444+00	20260323042202_add_investment_maturity	\N	\N	2026-04-03 05:01:03.421079+00	1
38343497-8d06-476d-aa22-55af45d90032	aba51b875dea264a2b6d6ddba41770997f02b3680110035f5137afb966a3c0c1	2026-04-03 05:01:01.273615+00	20260320053831_add_after6month_target	\N	\N	2026-04-03 05:00:59.561503+00	1
50488da9-6d61-439e-bb94-bc1e3f36943d	6fca31dfb89bc2f9632ac6b3d10511e824913c9bd4b6b4fb4651c4ddca3e96e6	2026-04-03 05:01:03.180726+00	20260320070017_add	\N	\N	2026-04-03 05:01:01.514734+00	1
40dc5b20-c923-4024-9630-7b222c87b8ea	58f51fff4877e0d2a95719c79d855e3ab48faa49d2dc4fcf106c7d511a74d76e	2026-04-03 05:01:05.996174+00	20260323091903_dev	\N	\N	2026-04-03 05:01:05.240879+00	1
eec5b46b-bf4d-4994-a62c-12826d6b4903	aed5a8327c8a2d87ec91c40d9d33e678e915a051f0130aab82d7e7668713f0ff	2026-04-03 05:01:07.20968+00	20260324082631_dev	\N	\N	2026-04-03 05:01:06.234923+00	1
45e58fec-f44f-4765-b844-639bd0bb1bd4	62c7fc92f3660aebcb3f7868dae93c6b270bcecb7b9d79cc9f4834c43f34106e	2026-04-03 05:01:08.059734+00	20260324090757_dev	\N	\N	2026-04-03 05:01:07.452081+00	1
4225b3e7-428b-4081-8aa1-16c09c38f2aa	a88989a8dd65f2b5725925e7bb592bf3a80c614361a57c2196e4f05cfec384d6	2026-04-03 05:01:08.904469+00	20260324102235_dev	\N	\N	2026-04-03 05:01:08.300943+00	1
9961a430-37c1-44d6-ac54-69dc2d515b18	bb8d41ef2401fd6d2aa25702a21df750714060abffbe98ec8c573dabd13cf77a	2026-04-03 05:01:09.750594+00	20260324102734_add_admin_to_positions	\N	\N	2026-04-03 05:01:09.143699+00	1
9e1fb319-30b1-4c23-b5c2-56321064cfc8	09f3cce8fb7bf7a6c70d80b28d9a4464e3d1736bf4625761a7850e3f4a375d8b	2026-04-03 05:01:11.309105+00	20260325040231_dev	\N	\N	2026-04-03 05:01:09.990627+00	1
78071be7-3ef6-424f-a6c6-b399e80d006a	ef73bbdd702a3134a80398ea2c35804cd604305d976e65bce01afcfd0c0854f1	2026-04-03 05:01:13.497139+00	20260325050236_position_update	\N	\N	2026-04-03 05:01:11.550417+00	1
3276605d-2df9-4770-b129-44393119c949	f0163d8576505d99dbd9b7d0339248f0160e16ffb732b33c570e8afb18f48072	2026-04-03 05:03:48.512353+00	20260403050346_dev	\N	\N	2026-04-03 05:03:47.184743+00	1
0fa6658b-8925-43de-b064-30fad1bf942f	5af2fc68b4ddb4b2477805245e250141ce94776bda62ed57f6543c95e9e092e6	2026-04-03 05:01:14.348513+00	20260325051045_dev	\N	\N	2026-04-03 05:01:13.739687+00	1
d5de2d31-b404-4196-b589-2b239337d2d8	b5edba597facf5941e3e71579ca46aab8e056f87131110d1ed8315fc8173d3e5	2026-04-03 05:01:15.339701+00	20260325101838_add_proposal_form_no_to_client	\N	\N	2026-04-03 05:01:14.597414+00	1
f98332dd-8e85-4bff-8abb-31501d0c57f7	036bc788cd7a0fc14a55858accfc204d1805bc4e3780d74fcccc479fcd4139cc	2026-04-03 05:01:16.18819+00	20260327033649_add_last_client_registered_at	\N	\N	2026-04-03 05:01:15.583231+00	1
b52134fe-d9b8-4272-87e9-ffaf3a37aec4	8b1f6cd52cf3f7297f16f1d16966c3546e6c57b6bbe8b3f4835eeb1c9ac1363f	2026-04-03 06:32:17.583022+00	20260403063215_dev	\N	\N	2026-04-03 06:32:16.759101+00	1
fc5d169b-00fe-4b07-8b61-4cbee0adc1f8	226f14cce0739c1e096f4c54e206ae346402490ab560d21ae52b30879d934445	2026-04-03 05:01:17.038392+00	20260327044202_change	\N	\N	2026-04-03 05:01:16.42884+00	1
3c65c6d2-3daf-4687-bd6c-1e3a087aca3c	8212ba6017d986575e66b8996bdc0a80dfa5a639424ea9db6cdf96e67bcaecdb	2026-04-03 05:01:18.000002+00	20260327072918_dev	\N	\N	2026-04-03 05:01:17.277146+00	1
d3963d2f-dea2-4e82-aea2-da7c851186a6	a55da76f5b00770425146c18ab7849d0c2ed56d617625d09028101ea202a8a77	2026-04-03 05:01:19.476664+00	20260330033550_dev	\N	\N	2026-04-03 05:01:18.387013+00	1
f98bdd0a-3b1d-4d88-949f-269ae859ee9c	5abe5811d1bf6fa53aa4616ab98474b2feb377b0880d79d865cac3d493c10826	2026-04-06 05:01:01.968262+00	20260406050059_dev	\N	\N	2026-04-06 05:01:00.389722+00	1
4cba7f38-579b-4095-b90c-1f11c1d58cdc	8dad68a1c54b827e5642c72d1aa31fddc72100e40847f1b99f5b5858dcdbe8ed	2026-04-03 05:01:20.323629+00	20260330041201_dev	\N	\N	2026-04-03 05:01:19.717751+00	1
dac20b01-7a95-4e24-98a9-44213c6eb2b3	5074270d6426ab93303e5dda0304fcac376ef9722e5d2ea4e7d8ae07cd7f946a	2026-04-03 05:01:21.172399+00	20260330043155_dev	\N	\N	2026-04-03 05:01:20.566778+00	1
06948ed3-1c92-4952-80c6-5be0b9a8c723	575f127a98d17a0c4201ed3268404759ada0dc49bfa403f8031128127a75a9e0	2026-04-03 05:01:22.655529+00	20260331064338_dev	\N	\N	2026-04-03 05:01:21.917005+00	1
8a474301-f7dd-4cef-80b8-1cf0096dad95	dd22a359a6ec483cbd8d5b50d59b02b19220b7ef549952186495b74f67ef5efa	2026-04-06 05:27:14.154803+00	20260406052712	\N	\N	2026-04-06 05:27:12.755048+00	1
cbecafaa-7def-4d33-913a-48953305fe52	1dcba8a530b92307f9e80a49a50871c1189c336adb9b3217e0aa728e8381d149	2026-04-03 05:01:23.514131+00	20260402053659_dev	\N	\N	2026-04-03 05:01:22.896752+00	1
f11ed80c-ca67-4f41-858e-d4646cf8c73b	d83d7287d0d927a208dc157e7127731dae4c966077b41c22fdab3da648f25c86	2026-04-03 05:01:24.369734+00	20260402054537_dev	\N	\N	2026-04-03 05:01:23.75318+00	1
8f5c488a-df71-4b66-ab70-dc5db2c5c9cf	998b78e5700fbc8910f19782e5c2fb7155efd07a91d92850239e6a56eef611a7	2026-04-03 05:01:25.580033+00	20260402054737_dev	\N	\N	2026-04-03 05:01:24.946883+00	1
\.


--
-- Data for Name: buckets; Type: TABLE DATA; Schema: storage; Owner: supabase_storage_admin
--

COPY "storage"."buckets" ("id", "name", "owner", "created_at", "updated_at", "public", "avif_autodetection", "file_size_limit", "allowed_mime_types", "owner_id", "type") FROM stdin;
kyc-documents	kyc-documents	\N	2026-02-26 10:11:32.747458+00	2026-02-26 10:11:32.747458+00	t	f	\N	\N	\N	STANDARD
employee-assets	employee-assets	\N	2026-03-16 09:25:44.303902+00	2026-03-16 09:25:44.303902+00	t	f	\N	\N	\N	STANDARD
\.


--
-- Data for Name: buckets_analytics; Type: TABLE DATA; Schema: storage; Owner: supabase_storage_admin
--

COPY "storage"."buckets_analytics" ("name", "type", "format", "created_at", "updated_at", "id", "deleted_at") FROM stdin;
\.


--
-- Data for Name: buckets_vectors; Type: TABLE DATA; Schema: storage; Owner: supabase_storage_admin
--

COPY "storage"."buckets_vectors" ("id", "type", "created_at", "updated_at") FROM stdin;
\.


--
-- Data for Name: objects; Type: TABLE DATA; Schema: storage; Owner: supabase_storage_admin
--

COPY "storage"."objects" ("id", "bucket_id", "name", "owner", "created_at", "updated_at", "last_accessed_at", "metadata", "version", "owner_id", "user_metadata") FROM stdin;
df6e2313-b39e-4344-9835-d043ff5cda28	kyc-documents	proposal/1772616843219-78030a38-0cb1-441a-8d36-5d8e3150527e.jpeg	c55ee006-41f6-4582-93e4-d1bcd400087a	2026-03-04 09:34:05.877022+00	2026-03-04 09:34:05.877022+00	2026-03-04 09:34:05.877022+00	{"eTag": "\\"e5463af1bd7d10a903c4684ebc86f34e\\"", "size": 940669, "mimetype": "image/jpeg", "cacheControl": "max-age=3600", "lastModified": "2026-03-04T09:34:06.000Z", "contentLength": 940669, "httpStatusCode": 200}	7b2a4a7a-beb7-43e0-8685-537e9af522aa	c55ee006-41f6-4582-93e4-d1bcd400087a	{}
eb867cbc-a3cc-4caf-a1f0-1fe62b744c69	kyc-documents	idBack/1772616843218-bb5ff368-eb3c-47ad-9e99-e74f06aaf747.jpeg	c55ee006-41f6-4582-93e4-d1bcd400087a	2026-03-04 09:34:05.96424+00	2026-03-04 09:34:05.96424+00	2026-03-04 09:34:05.96424+00	{"eTag": "\\"7cb9f2bcd7b1367a48a092a781188bbe\\"", "size": 842636, "mimetype": "image/jpeg", "cacheControl": "max-age=3600", "lastModified": "2026-03-04T09:34:06.000Z", "contentLength": 842636, "httpStatusCode": 200}	8c9af161-f683-4c2f-a5df-d6709136b69c	c55ee006-41f6-4582-93e4-d1bcd400087a	{}
9552709c-7f19-4c78-8d04-6da25ddc1c6f	kyc-documents	signatures/1773997651648-523974c7-9b00-4d9e-bf87-894f3274d786.png	997efa6a-dca7-4c9e-b864-897f5e3cce01	2026-03-20 09:07:32.736358+00	2026-03-20 09:07:32.736358+00	2026-03-20 09:07:32.736358+00	{"eTag": "\\"228e00b4019e20149ef74623ee89d41e\\"", "size": 9933, "mimetype": "image/png", "cacheControl": "max-age=3600", "lastModified": "2026-03-20T09:07:33.000Z", "contentLength": 9933, "httpStatusCode": 200}	64f87b25-43ce-4bad-94c4-a16b7be51dca	997efa6a-dca7-4c9e-b864-897f5e3cce01	{}
6ad86f5f-9983-41b0-a709-82771561eb15	kyc-documents	idBack/1772617864072-027f5e1e-809e-4be9-bccd-7a8f2e34b0bf.jpeg	c55ee006-41f6-4582-93e4-d1bcd400087a	2026-03-04 09:51:05.441564+00	2026-03-04 09:51:05.441564+00	2026-03-04 09:51:05.441564+00	{"eTag": "\\"b1173b92aa125b9ae6470a1cfc70ac61\\"", "size": 782183, "mimetype": "image/jpeg", "cacheControl": "max-age=3600", "lastModified": "2026-03-04T09:51:06.000Z", "contentLength": 782183, "httpStatusCode": 200}	dbba91e1-a93c-44d4-b3ea-54455c4e84a2	c55ee006-41f6-4582-93e4-d1bcd400087a	{}
3390697e-fc28-4771-aba7-1cd9955cb630	kyc-documents	signatures/1773998226102-1f20b77f-2fbd-4873-8c37-c2c9da5a2b90.png	997efa6a-dca7-4c9e-b864-897f5e3cce01	2026-03-20 09:17:06.703323+00	2026-03-20 09:17:06.703323+00	2026-03-20 09:17:06.703323+00	{"eTag": "\\"bde40f4f7a16fc83d5d71e1fff07f28d\\"", "size": 8735, "mimetype": "image/png", "cacheControl": "max-age=3600", "lastModified": "2026-03-20T09:17:07.000Z", "contentLength": 8735, "httpStatusCode": 200}	a23d9fc5-03f1-48c6-921b-bb60a504a5a2	997efa6a-dca7-4c9e-b864-897f5e3cce01	{}
b12a5f9c-bc9c-4349-be0f-79f89844eac7	kyc-documents	idFront/1773998524852-2af9665c-01af-4ba8-8093-adbccebfbcdf.PNG	997efa6a-dca7-4c9e-b864-897f5e3cce01	2026-03-20 09:22:05.710757+00	2026-03-20 09:22:05.710757+00	2026-03-20 09:22:05.710757+00	{"eTag": "\\"ed32d35eee27e2f654404b1e4d6cf521\\"", "size": 179287, "mimetype": "image/png", "cacheControl": "max-age=3600", "lastModified": "2026-03-20T09:22:06.000Z", "contentLength": 179287, "httpStatusCode": 200}	842e90dd-7d2b-4225-be28-10fc07a4ff23	997efa6a-dca7-4c9e-b864-897f5e3cce01	{}
800fd91f-133e-47bd-b7c0-c7c123eeef12	kyc-documents	paySlip/1773998524853-6c80f753-37b4-4fa6-a7a7-6e3331a147be.PNG	997efa6a-dca7-4c9e-b864-897f5e3cce01	2026-03-20 09:22:05.797607+00	2026-03-20 09:22:05.797607+00	2026-03-20 09:22:05.797607+00	{"eTag": "\\"5dd5baf840e504ea3ec9ff1533f5197a\\"", "size": 192282, "mimetype": "image/png", "cacheControl": "max-age=3600", "lastModified": "2026-03-20T09:22:06.000Z", "contentLength": 192282, "httpStatusCode": 200}	8c4bbc80-06d2-44e2-9a5b-35d77c7b8931	997efa6a-dca7-4c9e-b864-897f5e3cce01	{}
a9456ad3-666f-43f4-a1c8-ddad55969294	kyc-documents	proposal/1772617864073-d18f7dde-d7da-4d55-a307-613202ca53b8.jpeg	c55ee006-41f6-4582-93e4-d1bcd400087a	2026-03-04 09:51:06.36437+00	2026-03-04 09:51:06.36437+00	2026-03-04 09:51:06.36437+00	{"eTag": "\\"b1173b92aa125b9ae6470a1cfc70ac61\\"", "size": 782183, "mimetype": "image/jpeg", "cacheControl": "max-age=3600", "lastModified": "2026-03-04T09:51:07.000Z", "contentLength": 782183, "httpStatusCode": 200}	c15ef9e5-bea8-40ab-9e73-27a7589c39f9	c55ee006-41f6-4582-93e4-d1bcd400087a	{}
a279692b-73a3-4bab-a73e-0392eceed044	kyc-documents	signatures/1773998772685-020448bd-33db-459a-b4bd-b505835613f4.png	997efa6a-dca7-4c9e-b864-897f5e3cce01	2026-03-20 09:26:13.00488+00	2026-03-20 09:26:13.00488+00	2026-03-20 09:26:13.00488+00	{"eTag": "\\"a87511ca3255259c6c59b8a19828f14e\\"", "size": 7674, "mimetype": "image/png", "cacheControl": "max-age=3600", "lastModified": "2026-03-20T09:26:13.000Z", "contentLength": 7674, "httpStatusCode": 200}	9cefa3d7-8c95-4c9b-b720-e7ee327846ad	997efa6a-dca7-4c9e-b864-897f5e3cce01	{}
da9dd792-4e1e-4b2b-853b-9b822f04e807	kyc-documents	paySlip/1773998903949-54838681-98ed-437c-8689-5a1b300839a4.PNG	997efa6a-dca7-4c9e-b864-897f5e3cce01	2026-03-20 09:28:24.746345+00	2026-03-20 09:28:24.746345+00	2026-03-20 09:28:24.746345+00	{"eTag": "\\"716f1c41e0b208fb1c4dfe866c110726\\"", "size": 120625, "mimetype": "image/png", "cacheControl": "max-age=3600", "lastModified": "2026-03-20T09:28:25.000Z", "contentLength": 120625, "httpStatusCode": 200}	9cb2b0b4-6737-4bff-b992-4b0404669841	997efa6a-dca7-4c9e-b864-897f5e3cce01	{}
b6465b68-227b-4fe8-b990-a8ceaf0dfed5	kyc-documents	idBack/1773998524853-85b35ed8-7cb9-4e46-987b-585529dc65f5.PNG	997efa6a-dca7-4c9e-b864-897f5e3cce01	2026-03-20 09:22:05.817931+00	2026-03-20 09:22:05.817931+00	2026-03-20 09:22:05.817931+00	{"eTag": "\\"30983ab4cdb7db53cac444cb5aba845c\\"", "size": 357145, "mimetype": "image/png", "cacheControl": "max-age=3600", "lastModified": "2026-03-20T09:22:06.000Z", "contentLength": 357145, "httpStatusCode": 200}	8f088cff-2987-4d2e-9b52-3181cf8a9184	997efa6a-dca7-4c9e-b864-897f5e3cce01	{}
e9ffd512-58a1-4eec-a07b-cb189935d08e	kyc-documents	signatures/1774426842891-f326b66f-9e22-4b9f-8171-ba7ecf1c9036.png	7f18abca-8d31-4d26-ac35-0d04f0d25afa	2026-03-25 08:20:43.252597+00	2026-03-25 08:20:43.252597+00	2026-03-25 08:20:43.252597+00	{"eTag": "\\"ec2b3f4adfc7b83f189a313e3ef0f6cd\\"", "size": 9046, "mimetype": "image/png", "cacheControl": "max-age=3600", "lastModified": "2026-03-25T08:20:44.000Z", "contentLength": 9046, "httpStatusCode": 200}	b09556f3-27b5-4b77-ada7-146f7b8e0b8e	7f18abca-8d31-4d26-ac35-0d04f0d25afa	{}
e080f7c5-1b25-4c8b-bc54-5887c819c3ee	kyc-documents	idFront/1774426878648-292a8b95-b4c1-4b91-a37d-ef4cbfce4516.jpeg	7f18abca-8d31-4d26-ac35-0d04f0d25afa	2026-03-25 08:21:21.004086+00	2026-03-25 08:21:21.004086+00	2026-03-25 08:21:21.004086+00	{"eTag": "\\"89e1c435fcbcb2e17af2dfef046c9277\\"", "size": 463218, "mimetype": "image/jpeg", "cacheControl": "max-age=3600", "lastModified": "2026-03-25T08:21:21.000Z", "contentLength": 463218, "httpStatusCode": 200}	cb6341ff-276b-4d8b-b136-b0a51712fff7	7f18abca-8d31-4d26-ac35-0d04f0d25afa	{}
2a2602fc-f402-46fa-b1ae-5bdf0efd2f9a	kyc-documents	paySlip/1774426878651-b7de4ed5-f483-4fb6-a93f-690dcf496a28.jpeg	7f18abca-8d31-4d26-ac35-0d04f0d25afa	2026-03-25 08:21:21.029529+00	2026-03-25 08:21:21.029529+00	2026-03-25 08:21:21.029529+00	{"eTag": "\\"89e1c435fcbcb2e17af2dfef046c9277\\"", "size": 463218, "mimetype": "image/jpeg", "cacheControl": "max-age=3600", "lastModified": "2026-03-25T08:21:21.000Z", "contentLength": 463218, "httpStatusCode": 200}	bbd0dbb8-91e2-4f39-a996-6d85b1ff48f5	7f18abca-8d31-4d26-ac35-0d04f0d25afa	{}
8112baeb-5f22-4c4f-aed0-75a11f734e4d	employee-assets	profile-pictures/EMP001-1774587205015.png	\N	2026-03-27 04:53:22.557366+00	2026-03-27 04:53:22.557366+00	2026-03-27 04:53:22.557366+00	{"eTag": "\\"6e1a2fd93c27f436ed98cb98875c6bb6\\"", "size": 12594, "mimetype": "image/png", "cacheControl": "max-age=3600", "lastModified": "2026-03-27T04:53:23.000Z", "contentLength": 12594, "httpStatusCode": 200}	b6236e7f-00c1-4bbd-a45d-805646a31d49	\N	{}
705f0a69-eb55-436f-9dff-04bb5ce19528	kyc-documents	idFront/1774869285939-1b1fc0f3-0230-40ad-b5c1-b39b540604df.jpeg	7f18abca-8d31-4d26-ac35-0d04f0d25afa	2026-03-30 11:14:46.740934+00	2026-03-30 11:14:46.740934+00	2026-03-30 11:14:46.740934+00	{"eTag": "\\"899ad5825c678b0529d3165dc425744b\\"", "size": 54595, "mimetype": "image/jpeg", "cacheControl": "max-age=3600", "lastModified": "2026-03-30T11:14:47.000Z", "contentLength": 54595, "httpStatusCode": 200}	793e3363-565b-4239-8bd7-001026093020	7f18abca-8d31-4d26-ac35-0d04f0d25afa	{}
722f7668-2e77-4710-9eeb-87a0c09c3d85	kyc-documents	signatures/1774869286957-b906ff3e-edf9-4c89-80e2-9979b8192668.png	7f18abca-8d31-4d26-ac35-0d04f0d25afa	2026-03-30 11:14:47.161109+00	2026-03-30 11:14:47.161109+00	2026-03-30 11:14:47.161109+00	{"eTag": "\\"7cafe0857eaa826eaa522782f1072462\\"", "size": 16830, "mimetype": "image/png", "cacheControl": "max-age=3600", "lastModified": "2026-03-30T11:14:48.000Z", "contentLength": 16830, "httpStatusCode": 200}	3dfdd753-d04a-4ff6-a415-727e1cae882d	7f18abca-8d31-4d26-ac35-0d04f0d25afa	{}
b15e108b-6822-4c61-81a1-2af99a05573b	kyc-documents	signatures/1775208738067-aa3479c3-3658-45d1-91b0-655d6e7b6e3f.png	4105f420-8ea6-4fb7-9072-c5ac991c0376	2026-04-03 09:32:17.177913+00	2026-04-03 09:32:17.177913+00	2026-04-03 09:32:17.177913+00	{"eTag": "\\"8499423cb29ae4835bf54b921b5ff9ad\\"", "size": 17308, "mimetype": "image/png", "cacheControl": "max-age=3600", "lastModified": "2026-04-03T09:32:18.000Z", "contentLength": 17308, "httpStatusCode": 200}	164f06a8-e9ce-4f2c-bfac-a9d2447e54a8	4105f420-8ea6-4fb7-9072-c5ac991c0376	{}
4823f30d-4d0b-4506-882f-8fee1433165f	kyc-documents	agreement/1772616843219-a1db7c7e-9866-40c2-bc82-40f6f09f735c.jpeg	c55ee006-41f6-4582-93e4-d1bcd400087a	2026-03-04 09:34:05.827762+00	2026-03-04 09:34:05.827762+00	2026-03-04 09:34:05.827762+00	{"eTag": "\\"b1173b92aa125b9ae6470a1cfc70ac61\\"", "size": 782183, "mimetype": "image/jpeg", "cacheControl": "max-age=3600", "lastModified": "2026-03-04T09:34:06.000Z", "contentLength": 782183, "httpStatusCode": 200}	dad146ca-4080-4c2b-aef3-6570594147b9	c55ee006-41f6-4582-93e4-d1bcd400087a	{}
bc1a9334-7286-4b45-85fa-21e297d78ab8	kyc-documents	idFront/1772616843216-4645c7d9-f446-4f40-b5de-1970209a3077.jpeg	c55ee006-41f6-4582-93e4-d1bcd400087a	2026-03-04 09:34:05.863929+00	2026-03-04 09:34:05.863929+00	2026-03-04 09:34:05.863929+00	{"eTag": "\\"3144b95a49c580909430331eef327b37\\"", "size": 806719, "mimetype": "image/jpeg", "cacheControl": "max-age=3600", "lastModified": "2026-03-04T09:34:06.000Z", "contentLength": 806719, "httpStatusCode": 200}	719b1d42-1e61-4da1-9048-ebae45c3428f	c55ee006-41f6-4582-93e4-d1bcd400087a	{}
6a1b06f6-1701-46f7-b43c-6f8a5cd807b1	kyc-documents	agreement/1772617864073-9dc8e678-3a05-413f-9779-79541207e034.jpeg	c55ee006-41f6-4582-93e4-d1bcd400087a	2026-03-04 09:51:06.384828+00	2026-03-04 09:51:06.384828+00	2026-03-04 09:51:06.384828+00	{"eTag": "\\"f08ce83331c75cc8fc203970ff0c57bf\\"", "size": 807859, "mimetype": "image/jpeg", "cacheControl": "max-age=3600", "lastModified": "2026-03-04T09:51:07.000Z", "contentLength": 807859, "httpStatusCode": 200}	df1a8b57-5739-4fb4-9ddc-73424ad2f301	c55ee006-41f6-4582-93e4-d1bcd400087a	{}
29ed3ed8-4d27-43d1-86fe-160eb19145dc	kyc-documents	idFront/1772617864071-6a29c9bc-83cb-40be-89ad-24247d847614.jpeg	c55ee006-41f6-4582-93e4-d1bcd400087a	2026-03-04 09:51:06.497284+00	2026-03-04 09:51:06.497284+00	2026-03-04 09:51:06.497284+00	{"eTag": "\\"e5463af1bd7d10a903c4684ebc86f34e\\"", "size": 940669, "mimetype": "image/jpeg", "cacheControl": "max-age=3600", "lastModified": "2026-03-04T09:51:07.000Z", "contentLength": 940669, "httpStatusCode": 200}	b4de8be5-0f85-42a1-972c-ff4ed5990b2e	c55ee006-41f6-4582-93e4-d1bcd400087a	{}
4e88b878-7053-40af-a89a-d3bd5ee3d5ac	kyc-documents	paymentSlip/1772619031511-ed979b2b-c197-47fc-9a14-e285d103fd19.jpeg	c55ee006-41f6-4582-93e4-d1bcd400087a	2026-03-04 10:10:33.316605+00	2026-03-04 10:10:33.316605+00	2026-03-04 10:10:33.316605+00	{"eTag": "\\"58a9c6eefa5379ed53c34d13db707175\\"", "size": 827389, "mimetype": "image/jpeg", "cacheControl": "max-age=3600", "lastModified": "2026-03-04T10:10:34.000Z", "contentLength": 827389, "httpStatusCode": 200}	d7807d04-e551-4d5e-8811-be4e10ef23bf	c55ee006-41f6-4582-93e4-d1bcd400087a	{}
877839c9-f2c1-48d6-bcd4-f6e4e82dab68	kyc-documents	paymentSlip/1772620318911-006df612-2222-4117-a69f-b0a25be3556e.jpeg	c55ee006-41f6-4582-93e4-d1bcd400087a	2026-03-04 10:32:00.448276+00	2026-03-04 10:32:00.448276+00	2026-03-04 10:32:00.448276+00	{"eTag": "\\"e5463af1bd7d10a903c4684ebc86f34e\\"", "size": 940669, "mimetype": "image/jpeg", "cacheControl": "max-age=3600", "lastModified": "2026-03-04T10:32:01.000Z", "contentLength": 940669, "httpStatusCode": 200}	7d21e422-90b9-448d-86bb-897a64e0677f	c55ee006-41f6-4582-93e4-d1bcd400087a	{}
4712cfaa-c57e-4fe0-83d6-14e6f89ba695	kyc-documents	signatures/1772683078069-7077da2e-34c9-4714-b24b-1a900d5af0db.png	c55ee006-41f6-4582-93e4-d1bcd400087a	2026-03-05 03:57:57.393502+00	2026-03-05 03:57:57.393502+00	2026-03-05 03:57:57.393502+00	{"eTag": "\\"a4bb9f8304d5ad49ffbc01ae892797fc\\"", "size": 11324, "mimetype": "image/png", "cacheControl": "max-age=3600", "lastModified": "2026-03-05T03:57:58.000Z", "contentLength": 11324, "httpStatusCode": 200}	61b5686a-1212-4a09-ac35-10fc3e7b32a4	c55ee006-41f6-4582-93e4-d1bcd400087a	{}
bd9257e7-2b26-4a08-a942-04aa79bfde70	kyc-documents	idBack/1772683185624-b22d4058-460b-4ec1-b4ed-eccb121ffcc7.jpeg	c55ee006-41f6-4582-93e4-d1bcd400087a	2026-03-05 03:59:46.316727+00	2026-03-05 03:59:46.316727+00	2026-03-05 03:59:46.316727+00	{"eTag": "\\"b1173b92aa125b9ae6470a1cfc70ac61\\"", "size": 782183, "mimetype": "image/jpeg", "cacheControl": "max-age=3600", "lastModified": "2026-03-05T03:59:47.000Z", "contentLength": 782183, "httpStatusCode": 200}	9ccb1a0c-e978-405c-916f-47c0cd0e8bb6	c55ee006-41f6-4582-93e4-d1bcd400087a	{}
f670bd6f-db6d-4471-8cc8-1a88ff9dfbac	kyc-documents	idFront/1772683185621-5627c2a8-b2dc-4fbf-85ae-4b8f5da48e0e.jpeg	c55ee006-41f6-4582-93e4-d1bcd400087a	2026-03-05 03:59:46.427898+00	2026-03-05 03:59:46.427898+00	2026-03-05 03:59:46.427898+00	{"eTag": "\\"3144b95a49c580909430331eef327b37\\"", "size": 806719, "mimetype": "image/jpeg", "cacheControl": "max-age=3600", "lastModified": "2026-03-05T03:59:47.000Z", "contentLength": 806719, "httpStatusCode": 200}	93cf7e5d-50d1-46b4-9928-38f44f4e7f92	c55ee006-41f6-4582-93e4-d1bcd400087a	{}
5b185dc5-1403-405b-bb28-df27a4c833bd	kyc-documents	paySlip/1772683185624-43564f99-d3d0-401d-a8ac-3e530eee8b12.jpeg	c55ee006-41f6-4582-93e4-d1bcd400087a	2026-03-05 03:59:46.44194+00	2026-03-05 03:59:46.44194+00	2026-03-05 03:59:46.44194+00	{"eTag": "\\"4a7ff83cd52e11fa3f5bc07f4132020c\\"", "size": 843595, "mimetype": "image/jpeg", "cacheControl": "max-age=3600", "lastModified": "2026-03-05T03:59:47.000Z", "contentLength": 843595, "httpStatusCode": 200}	56029b23-8184-4baf-a048-ddc58e5a870c	c55ee006-41f6-4582-93e4-d1bcd400087a	{}
cc72f8d2-d42f-4489-86b4-607253c292d3	kyc-documents	agreement/1772683185625-2314493c-0fd7-4fa8-8606-6d537d8af0c3.jpeg	c55ee006-41f6-4582-93e4-d1bcd400087a	2026-03-05 03:59:46.675328+00	2026-03-05 03:59:46.675328+00	2026-03-05 03:59:46.675328+00	{"eTag": "\\"ac43bf2f99835a6cdc8bc3fe7640b5c2\\"", "size": 1238500, "mimetype": "image/jpeg", "cacheControl": "max-age=3600", "lastModified": "2026-03-05T03:59:47.000Z", "contentLength": 1238500, "httpStatusCode": 200}	0e7cea91-bb4a-491a-94a0-6d0c2755c964	c55ee006-41f6-4582-93e4-d1bcd400087a	{}
efb40a1e-8173-4ee4-b694-2d44b13303e6	kyc-documents	proposal/1772683185625-78e0d9e7-37c9-4387-ab5c-c1369fdc378a.jpeg	c55ee006-41f6-4582-93e4-d1bcd400087a	2026-03-05 03:59:46.676565+00	2026-03-05 03:59:46.676565+00	2026-03-05 03:59:46.676565+00	{"eTag": "\\"0cb93d0759bae0a0c00ae76eeb1cd4fd\\"", "size": 1296625, "mimetype": "image/jpeg", "cacheControl": "max-age=3600", "lastModified": "2026-03-05T03:59:47.000Z", "contentLength": 1296625, "httpStatusCode": 200}	95068b3f-5e8d-4d68-be9e-da29afbe4a1f	c55ee006-41f6-4582-93e4-d1bcd400087a	{}
5f9ca8c3-e6cc-48f1-8e04-1c51fe0acc1c	kyc-documents	idFront/1772683886182-4bb7c4df-5a58-4923-9fe8-aac6fefd73e7.jpeg	c55ee006-41f6-4582-93e4-d1bcd400087a	2026-03-05 04:11:25.822092+00	2026-03-05 04:11:25.822092+00	2026-03-05 04:11:25.822092+00	{"eTag": "\\"9178e438f6f94f9935c8575f7e52e696\\"", "size": 70282, "mimetype": "image/jpeg", "cacheControl": "max-age=3600", "lastModified": "2026-03-05T04:11:26.000Z", "contentLength": 70282, "httpStatusCode": 200}	8e60f37b-2c13-4d80-99b6-aae677269fac	c55ee006-41f6-4582-93e4-d1bcd400087a	{}
01c95156-a08a-465c-ae88-d501085bf3b6	kyc-documents	idFront/1773998903948-3f4a7db8-b1df-45a1-b13d-9ab29cde56bc.PNG	997efa6a-dca7-4c9e-b864-897f5e3cce01	2026-03-20 09:28:24.984724+00	2026-03-20 09:28:24.984724+00	2026-03-20 09:28:24.984724+00	{"eTag": "\\"6265e8c8b388ae828f57958b3406c5eb\\"", "size": 387152, "mimetype": "image/png", "cacheControl": "max-age=3600", "lastModified": "2026-03-20T09:28:25.000Z", "contentLength": 387152, "httpStatusCode": 200}	14f45388-d590-4a43-bd9e-c921af5be33a	997efa6a-dca7-4c9e-b864-897f5e3cce01	{}
8c7ef457-67c0-4627-ae44-2f90073e2254	kyc-documents	idBack/1772683887428-68f0cfc3-987f-44e2-b372-01bd5bc89576.jpeg	c55ee006-41f6-4582-93e4-d1bcd400087a	2026-03-05 04:11:26.273433+00	2026-03-05 04:11:26.273433+00	2026-03-05 04:11:26.273433+00	{"eTag": "\\"899ad5825c678b0529d3165dc425744b\\"", "size": 54595, "mimetype": "image/jpeg", "cacheControl": "max-age=3600", "lastModified": "2026-03-05T04:11:27.000Z", "contentLength": 54595, "httpStatusCode": 200}	d2619263-9b23-4f56-aa32-b05dad16b417	c55ee006-41f6-4582-93e4-d1bcd400087a	{}
be83b62c-029e-41e6-86fc-57b85d26b806	kyc-documents	idBack/1773998903949-88183f6c-a449-4498-94b5-e81a0f8a78dc.PNG	997efa6a-dca7-4c9e-b864-897f5e3cce01	2026-03-20 09:28:25.092621+00	2026-03-20 09:28:25.092621+00	2026-03-20 09:28:25.092621+00	{"eTag": "\\"edc5faeef41e7f1b28813036664d5ba3\\"", "size": 331069, "mimetype": "image/png", "cacheControl": "max-age=3600", "lastModified": "2026-03-20T09:28:26.000Z", "contentLength": 331069, "httpStatusCode": 200}	8bda8646-e58d-4853-9093-d7af79f3f6e2	997efa6a-dca7-4c9e-b864-897f5e3cce01	{}
fdfcf92d-42f2-47d9-b957-d60add76563a	kyc-documents	paymentSlip/1772683887864-2baf318b-8ba9-47a9-9f1c-506b9ae0f0a6.pdf	c55ee006-41f6-4582-93e4-d1bcd400087a	2026-03-05 04:11:26.669919+00	2026-03-05 04:11:26.669919+00	2026-03-05 04:11:26.669919+00	{"eTag": "\\"d9ca347d63fa985c592f17a331219c23\\"", "size": 5890, "mimetype": "application/pdf", "cacheControl": "max-age=3600", "lastModified": "2026-03-05T04:11:27.000Z", "contentLength": 5890, "httpStatusCode": 200}	26b86e77-2338-4c69-9f49-05bed02214a3	c55ee006-41f6-4582-93e4-d1bcd400087a	{}
5a221281-0179-4cce-901d-886bbf5de295	kyc-documents	signatures/1772683888256-5f42690f-5747-4145-819a-a48824a25f77.png	c55ee006-41f6-4582-93e4-d1bcd400087a	2026-03-05 04:11:27.040899+00	2026-03-05 04:11:27.040899+00	2026-03-05 04:11:27.040899+00	{"eTag": "\\"e018642eccff687afb555dea9e47efc4\\"", "size": 16975, "mimetype": "image/png", "cacheControl": "max-age=3600", "lastModified": "2026-03-05T04:11:27.000Z", "contentLength": 16975, "httpStatusCode": 200}	652575ea-7406-4c19-ad3b-ee509bd00875	c55ee006-41f6-4582-93e4-d1bcd400087a	{}
bdceaca7-2001-4ff7-83df-3dd9dc69af39	kyc-documents	signatures/1773998984717-7af679dc-c0e3-474d-819a-cac201c099c1.png	997efa6a-dca7-4c9e-b864-897f5e3cce01	2026-03-20 09:29:45.363861+00	2026-03-20 09:29:45.363861+00	2026-03-20 09:29:45.363861+00	{"eTag": "\\"2b1aadb86b2bf8b220ddb4ec2bf48a9a\\"", "size": 7697, "mimetype": "image/png", "cacheControl": "max-age=3600", "lastModified": "2026-03-20T09:29:46.000Z", "contentLength": 7697, "httpStatusCode": 200}	d3a76af9-22a6-453d-ac91-6927390e8032	997efa6a-dca7-4c9e-b864-897f5e3cce01	{}
5b5ed281-7234-4c1e-9cd4-2463c1d479dc	kyc-documents	signatures/1773200491561-165b48cc-7cd4-4bd2-a826-4c1c792d50d9.png	f93e972c-b6a3-4fba-927f-fa2482093425	2026-03-11 03:41:22.857165+00	2026-03-11 03:41:22.857165+00	2026-03-11 03:41:22.857165+00	{"eTag": "\\"f586e048f1ac1ef9ba49c6c1850fdb31\\"", "size": 12054, "mimetype": "image/png", "cacheControl": "max-age=3600", "lastModified": "2026-03-11T03:41:23.000Z", "contentLength": 12054, "httpStatusCode": 200}	02ab5875-3275-4757-83e1-21954966dc72	f93e972c-b6a3-4fba-927f-fa2482093425	{}
a4613d60-f602-4652-acca-993048087224	kyc-documents	idBack/1773200547873-1ca62ba5-b6dd-4140-8bc6-fcca9889d56b.jpeg	f93e972c-b6a3-4fba-927f-fa2482093425	2026-03-11 03:42:20.111595+00	2026-03-11 03:42:20.111595+00	2026-03-11 03:42:20.111595+00	{"eTag": "\\"f08ce83331c75cc8fc203970ff0c57bf\\"", "size": 807859, "mimetype": "image/jpeg", "cacheControl": "max-age=3600", "lastModified": "2026-03-11T03:42:21.000Z", "contentLength": 807859, "httpStatusCode": 200}	a49bc50a-5e50-40e0-855f-0c19fdee2dde	f93e972c-b6a3-4fba-927f-fa2482093425	{}
a411b172-f7b8-47be-ac3d-920a53ccd671	kyc-documents	paySlip/1773200547874-ba771334-9986-48bc-b9cc-00da61f05842.jpeg	f93e972c-b6a3-4fba-927f-fa2482093425	2026-03-11 03:42:20.151292+00	2026-03-11 03:42:20.151292+00	2026-03-11 03:42:20.151292+00	{"eTag": "\\"ca813f3be5039bd936e78f98bdc0ef5c\\"", "size": 874712, "mimetype": "image/jpeg", "cacheControl": "max-age=3600", "lastModified": "2026-03-11T03:42:21.000Z", "contentLength": 874712, "httpStatusCode": 200}	38715063-64c2-4053-af66-974c660bcc7f	f93e972c-b6a3-4fba-927f-fa2482093425	{}
18d75bbd-b17b-4da5-801b-4e7b4ba8e312	kyc-documents	idFront/1773200547873-67831b56-90ba-4ede-8df4-edbe117e925b.jpeg	f93e972c-b6a3-4fba-927f-fa2482093425	2026-03-11 03:42:20.405026+00	2026-03-11 03:42:20.405026+00	2026-03-11 03:42:20.405026+00	{"eTag": "\\"3144b95a49c580909430331eef327b37\\"", "size": 806719, "mimetype": "image/jpeg", "cacheControl": "max-age=3600", "lastModified": "2026-03-11T03:42:21.000Z", "contentLength": 806719, "httpStatusCode": 200}	7bd4c510-977b-4a0e-9c97-d0db8e52ab44	f93e972c-b6a3-4fba-927f-fa2482093425	{}
38a5a52a-6c5d-4f1d-a4d8-ce1f000c3d5b	kyc-documents	proposal/1773200547874-cc8b29ff-0f36-4b77-b72b-000240aa73e5.jpeg	f93e972c-b6a3-4fba-927f-fa2482093425	2026-03-11 03:42:20.490141+00	2026-03-11 03:42:20.490141+00	2026-03-11 03:42:20.490141+00	{"eTag": "\\"3cd6142beb9b16416067411738a1ca1c\\"", "size": 840728, "mimetype": "image/jpeg", "cacheControl": "max-age=3600", "lastModified": "2026-03-11T03:42:21.000Z", "contentLength": 840728, "httpStatusCode": 200}	805c1da0-8ff3-40f1-abfa-ab0fce4a0ece	f93e972c-b6a3-4fba-927f-fa2482093425	{}
f7033ccb-0309-4591-88a3-c4e4802df835	kyc-documents	agreement/1773200547874-8be23d29-8732-40ee-8c09-9fb94e0a554e.jpeg	f93e972c-b6a3-4fba-927f-fa2482093425	2026-03-11 03:42:20.538248+00	2026-03-11 03:42:20.538248+00	2026-03-11 03:42:20.538248+00	{"eTag": "\\"e7237f33590f2919939fdb9af195800b\\"", "size": 984871, "mimetype": "image/jpeg", "cacheControl": "max-age=3600", "lastModified": "2026-03-11T03:42:21.000Z", "contentLength": 984871, "httpStatusCode": 200}	0670afeb-91c7-46e8-a364-2d963cec7394	f93e972c-b6a3-4fba-927f-fa2482093425	{}
797c02d8-0dda-42e9-b43e-d5c8044fbb90	kyc-documents	signatures/1773999143201-5aa7f381-85a3-43f1-996a-11706fca5878.png	997efa6a-dca7-4c9e-b864-897f5e3cce01	2026-03-20 09:32:23.601675+00	2026-03-20 09:32:23.601675+00	2026-03-20 09:32:23.601675+00	{"eTag": "\\"dbed186664bb3c6707cc6c252977f99f\\"", "size": 8922, "mimetype": "image/png", "cacheControl": "max-age=3600", "lastModified": "2026-03-20T09:32:24.000Z", "contentLength": 8922, "httpStatusCode": 200}	56fae9ce-ed82-4524-a7f3-3e4e835f6bcb	997efa6a-dca7-4c9e-b864-897f5e3cce01	{}
304509e7-2e8e-4754-a77c-2e7e1c4ef2cb	kyc-documents	signatures/1773380619005-e7ecb7bc-4eb5-40b6-8997-e00cf4e50df6.png	f93e972c-b6a3-4fba-927f-fa2482093425	2026-03-13 05:43:35.874848+00	2026-03-13 05:43:35.874848+00	2026-03-13 05:43:35.874848+00	{"eTag": "\\"aa17cc91a3a9148ef8a0fb423ccf1aa0\\"", "size": 14288, "mimetype": "image/png", "cacheControl": "max-age=3600", "lastModified": "2026-03-13T05:43:36.000Z", "contentLength": 14288, "httpStatusCode": 200}	1468cad4-3b54-4cf8-8b0e-33e1218f83e0	f93e972c-b6a3-4fba-927f-fa2482093425	{}
5a095e45-aff6-49fb-9ba3-17902fd07d31	kyc-documents	signatures/1773999462971-7cdcd9ac-38a3-4c91-a3de-82d56afa72e5.png	997efa6a-dca7-4c9e-b864-897f5e3cce01	2026-03-20 09:37:43.749513+00	2026-03-20 09:37:43.749513+00	2026-03-20 09:37:43.749513+00	{"eTag": "\\"9952cd9904386218bb0e9f5848d0ce33\\"", "size": 10690, "mimetype": "image/png", "cacheControl": "max-age=3600", "lastModified": "2026-03-20T09:37:44.000Z", "contentLength": 10690, "httpStatusCode": 200}	8e940a8f-ed01-4767-80b5-06b13a8b46a8	997efa6a-dca7-4c9e-b864-897f5e3cce01	{}
a10da6fc-7b74-4f81-9e55-54541eb9002e	kyc-documents	idBack/1773380660740-355e9775-4dc1-492d-89d7-aa1c9f119147.jpeg	f93e972c-b6a3-4fba-927f-fa2482093425	2026-03-13 05:44:17.460541+00	2026-03-13 05:44:17.460541+00	2026-03-13 05:44:17.460541+00	{"eTag": "\\"eb45b28e69e56826c8e11bafbf7503dc\\"", "size": 36276, "mimetype": "image/jpeg", "cacheControl": "max-age=3600", "lastModified": "2026-03-13T05:44:18.000Z", "contentLength": 36276, "httpStatusCode": 200}	1b92de41-36c7-45f8-aa41-afb3ccb6dfdb	f93e972c-b6a3-4fba-927f-fa2482093425	{}
c25bd46d-3a4c-44f9-9fba-eab2707c6390	kyc-documents	idFront/1773380660739-02d4c8c5-6f04-44b6-a41e-18f2e488273b.jpeg	f93e972c-b6a3-4fba-927f-fa2482093425	2026-03-13 05:44:17.464506+00	2026-03-13 05:44:17.464506+00	2026-03-13 05:44:17.464506+00	{"eTag": "\\"710f6ca761e9df943f80ff02c5193d1b\\"", "size": 29938, "mimetype": "image/jpeg", "cacheControl": "max-age=3600", "lastModified": "2026-03-13T05:44:18.000Z", "contentLength": 29938, "httpStatusCode": 200}	09a92676-d19a-469c-a50a-6a5bc679da3b	f93e972c-b6a3-4fba-927f-fa2482093425	{}
01b65cfb-db97-4a51-9013-08f5c7849259	kyc-documents	signatures/1773383644227-69c37054-1a17-4445-9dc8-6e97421f5c98.png	aab4fa06-31b0-4205-a42d-5a37a5e9cf5b	2026-03-13 06:34:00.834398+00	2026-03-13 06:34:00.834398+00	2026-03-13 06:34:00.834398+00	{"eTag": "\\"f52bb785fe188477459e2a23097d9b87\\"", "size": 10767, "mimetype": "image/png", "cacheControl": "max-age=3600", "lastModified": "2026-03-13T06:34:01.000Z", "contentLength": 10767, "httpStatusCode": 200}	cb25665c-30c9-44ff-860a-b934d93a165b	aab4fa06-31b0-4205-a42d-5a37a5e9cf5b	{}
6ee9c756-214c-44b3-a436-9adc22565cc4	kyc-documents	signatures/1773999685278-0fc7663b-c3b5-4bf4-b0f3-60adca914e72.png	997efa6a-dca7-4c9e-b864-897f5e3cce01	2026-03-20 09:41:26.040043+00	2026-03-20 09:41:26.040043+00	2026-03-20 09:41:26.040043+00	{"eTag": "\\"16a1d710716a1414231a13e43e42b8a5\\"", "size": 10295, "mimetype": "image/png", "cacheControl": "max-age=3600", "lastModified": "2026-03-20T09:41:26.000Z", "contentLength": 10295, "httpStatusCode": 200}	0954bc1b-13d4-40c2-8584-b7da984b28a1	997efa6a-dca7-4c9e-b864-897f5e3cce01	{}
dd892717-d680-426d-bd29-4aa6207f6ca0	kyc-documents	idFront/1773383664687-ef44a9f1-e48d-4c29-ad17-12c369dfcc66.jpeg	aab4fa06-31b0-4205-a42d-5a37a5e9cf5b	2026-03-13 06:34:20.688976+00	2026-03-13 06:34:20.688976+00	2026-03-13 06:34:20.688976+00	{"eTag": "\\"04749dc90d1c06e78138c691e8aa23f5\\"", "size": 41967, "mimetype": "image/jpeg", "cacheControl": "max-age=3600", "lastModified": "2026-03-13T06:34:21.000Z", "contentLength": 41967, "httpStatusCode": 200}	d76c62dd-7b56-41cd-83fe-f277d1b0e387	aab4fa06-31b0-4205-a42d-5a37a5e9cf5b	{}
e82cb7f0-1370-43c8-aba4-e09e1448ebb2	kyc-documents	idBack/1773383664688-8ba091e6-9103-4441-960d-5ae9ea03c37a.jpeg	aab4fa06-31b0-4205-a42d-5a37a5e9cf5b	2026-03-13 06:34:21.034642+00	2026-03-13 06:34:21.034642+00	2026-03-13 06:34:21.034642+00	{"eTag": "\\"04749dc90d1c06e78138c691e8aa23f5\\"", "size": 41967, "mimetype": "image/jpeg", "cacheControl": "max-age=3600", "lastModified": "2026-03-13T06:34:21.000Z", "contentLength": 41967, "httpStatusCode": 200}	9cf44dc4-e5e9-499f-b272-d565a96e5ae3	aab4fa06-31b0-4205-a42d-5a37a5e9cf5b	{}
4070730a-7b43-4a3a-ae01-2e5f73b80142	employee-assets	profile-pictures/frtg-1773653158178.png	\N	2026-03-16 09:25:52.694328+00	2026-03-16 09:25:52.694328+00	2026-03-16 09:25:52.694328+00	{"eTag": "\\"11200e6471610cf4a03f8e9c4ed4e3d3\\"", "size": 15364, "mimetype": "image/png", "cacheControl": "max-age=3600", "lastModified": "2026-03-16T09:25:53.000Z", "contentLength": 15364, "httpStatusCode": 200}	704d9043-71eb-4543-a46c-775bd32b1d19	\N	{}
68af5057-7a22-4bc4-85f6-1016db498845	employee-assets	profile-pictures/frtg-1773653523403.jpeg	\N	2026-03-16 09:31:58.141689+00	2026-03-16 09:31:58.141689+00	2026-03-16 09:31:58.141689+00	{"eTag": "\\"b54066395323bbe41d2d39fc8bc9179b\\"", "size": 42537, "mimetype": "image/jpeg", "cacheControl": "max-age=3600", "lastModified": "2026-03-16T09:31:59.000Z", "contentLength": 42537, "httpStatusCode": 200}	73ae2c6d-b884-4d8a-9db3-dae96ce24e17	\N	{}
5dcda450-4465-4133-b70d-dbabfbce54ab	employee-assets	profile-pictures/FA001-1773654259887.jpeg	\N	2026-03-16 09:44:14.939298+00	2026-03-16 09:44:14.939298+00	2026-03-16 09:44:14.939298+00	{"eTag": "\\"a65c15db68c0672224213f6082ec1374\\"", "size": 71334, "mimetype": "image/jpeg", "cacheControl": "max-age=3600", "lastModified": "2026-03-16T09:44:15.000Z", "contentLength": 71334, "httpStatusCode": 200}	581a8a92-b7ed-41c6-96f7-7b7d06ee6c53	\N	{}
c5ea1b41-e2d5-40f3-8482-8570b2aaa9ff	employee-assets	profile-pictures/FA001-1773654789369.jpeg	\N	2026-03-16 09:53:04.153693+00	2026-03-16 09:53:04.153693+00	2026-03-16 09:53:04.153693+00	{"eTag": "\\"d56a5cd2706a059db824c6f645541778\\"", "size": 37853, "mimetype": "image/jpeg", "cacheControl": "max-age=3600", "lastModified": "2026-03-16T09:53:05.000Z", "contentLength": 37853, "httpStatusCode": 200}	9f406713-5b6f-400d-8bae-b4e791be3582	\N	{}
d23d9b5c-7b1a-4f0f-bf64-175a324cb092	employee-assets	profile-pictures/FA001-1773654935568.jpeg	\N	2026-03-16 09:55:30.290017+00	2026-03-16 09:55:30.290017+00	2026-03-16 09:55:30.290017+00	{"eTag": "\\"d56a5cd2706a059db824c6f645541778\\"", "size": 37853, "mimetype": "image/jpeg", "cacheControl": "max-age=3600", "lastModified": "2026-03-16T09:55:31.000Z", "contentLength": 37853, "httpStatusCode": 200}	f4331726-db0b-45a1-81da-dfa48f4400c2	\N	{}
ee25ae49-abd4-4883-b840-3374b373bf09	kyc-documents	signatures/1774000889610-847a0938-54da-4aba-b10b-f6c57fc6ed25.png	997efa6a-dca7-4c9e-b864-897f5e3cce01	2026-03-20 10:01:30.021782+00	2026-03-20 10:01:30.021782+00	2026-03-20 10:01:30.021782+00	{"eTag": "\\"13678fa9e85210dacf80f8d47a2e2374\\"", "size": 6907, "mimetype": "image/png", "cacheControl": "max-age=3600", "lastModified": "2026-03-20T10:01:30.000Z", "contentLength": 6907, "httpStatusCode": 200}	77e92df9-3dd1-44ad-b96a-c635b19fe683	997efa6a-dca7-4c9e-b864-897f5e3cce01	{}
5fde086e-d4c1-41b1-86a4-c045f98afbb7	employee-assets	profile-pictures/FA001-1773654977181.jpeg	\N	2026-03-16 09:56:11.743177+00	2026-03-16 09:56:11.743177+00	2026-03-16 09:56:11.743177+00	{"eTag": "\\"d56a5cd2706a059db824c6f645541778\\"", "size": 37853, "mimetype": "image/jpeg", "cacheControl": "max-age=3600", "lastModified": "2026-03-16T09:56:12.000Z", "contentLength": 37853, "httpStatusCode": 200}	b78d7bc1-a036-490f-bd6a-74ebf9355e6c	\N	{}
0563f4d4-2d0b-46e2-ba21-a5a75e4f8503	employee-assets	profile-pictures/FA001-1773654982468.jpeg	\N	2026-03-16 09:56:16.779842+00	2026-03-16 09:56:16.779842+00	2026-03-16 09:56:16.779842+00	{"eTag": "\\"d56a5cd2706a059db824c6f645541778\\"", "size": 37853, "mimetype": "image/jpeg", "cacheControl": "max-age=3600", "lastModified": "2026-03-16T09:56:17.000Z", "contentLength": 37853, "httpStatusCode": 200}	0c05baed-6337-4c34-8a5a-63fd64f5ea29	\N	{}
faebb62c-7f72-4fa6-ad74-e3773c6622f2	kyc-documents	proposal/1774426878651-b1375eee-8d48-4fbb-addb-f590f86a66ec.jpeg	7f18abca-8d31-4d26-ac35-0d04f0d25afa	2026-03-25 08:21:21.018304+00	2026-03-25 08:21:21.018304+00	2026-03-25 08:21:21.018304+00	{"eTag": "\\"89e1c435fcbcb2e17af2dfef046c9277\\"", "size": 463218, "mimetype": "image/jpeg", "cacheControl": "max-age=3600", "lastModified": "2026-03-25T08:21:21.000Z", "contentLength": 463218, "httpStatusCode": 200}	a7325a29-f84a-4732-af65-7747d6602f1f	7f18abca-8d31-4d26-ac35-0d04f0d25afa	{}
df10c0e8-e8ea-4897-a016-c61639dc8338	employee-assets	profile-pictures/FA001-1773655225341.jpeg	\N	2026-03-16 10:00:20.345512+00	2026-03-16 10:00:20.345512+00	2026-03-16 10:00:20.345512+00	{"eTag": "\\"d56a5cd2706a059db824c6f645541778\\"", "size": 37853, "mimetype": "image/jpeg", "cacheControl": "max-age=3600", "lastModified": "2026-03-16T10:00:21.000Z", "contentLength": 37853, "httpStatusCode": 200}	3c147333-61b8-4682-a65e-820ae1b92ca5	\N	{}
b2a3d673-5292-46d5-afba-91fcfcd524be	kyc-documents	agreement/1774426878651-a3a0d551-aca5-446b-b85a-ded3b3e5585e.jpeg	7f18abca-8d31-4d26-ac35-0d04f0d25afa	2026-03-25 08:21:21.062617+00	2026-03-25 08:21:21.062617+00	2026-03-25 08:21:21.062617+00	{"eTag": "\\"89e1c435fcbcb2e17af2dfef046c9277\\"", "size": 463218, "mimetype": "image/jpeg", "cacheControl": "max-age=3600", "lastModified": "2026-03-25T08:21:22.000Z", "contentLength": 463218, "httpStatusCode": 200}	c9498960-9398-4470-a35d-19eb60667b69	7f18abca-8d31-4d26-ac35-0d04f0d25afa	{}
dd044675-7563-4065-830f-29a34969ffa9	employee-assets	profile-pictures/FA001-1773655276874.jpeg	\N	2026-03-16 10:01:11.294311+00	2026-03-16 10:01:11.294311+00	2026-03-16 10:01:11.294311+00	{"eTag": "\\"d56a5cd2706a059db824c6f645541778\\"", "size": 37853, "mimetype": "image/jpeg", "cacheControl": "max-age=3600", "lastModified": "2026-03-16T10:01:12.000Z", "contentLength": 37853, "httpStatusCode": 200}	d7940d36-58f7-4e7b-8710-20224e3c13be	\N	{}
51d189b2-7c45-4551-9f59-ea7912f9e576	employee-assets	profile-pictures/FA001-1773655298928.jpeg	\N	2026-03-16 10:01:33.669442+00	2026-03-16 10:01:33.669442+00	2026-03-16 10:01:33.669442+00	{"eTag": "\\"d56a5cd2706a059db824c6f645541778\\"", "size": 37853, "mimetype": "image/jpeg", "cacheControl": "max-age=3600", "lastModified": "2026-03-16T10:01:34.000Z", "contentLength": 37853, "httpStatusCode": 200}	1115fa18-af28-4144-a6c5-086698dc60b3	\N	{}
b40d8c64-6835-495e-b9f1-9a4d3d4ad5f2	employee-assets	profile-pictures/FA001-1773655478740.jpeg	\N	2026-03-16 10:04:33.588705+00	2026-03-16 10:04:33.588705+00	2026-03-16 10:04:33.588705+00	{"eTag": "\\"d56a5cd2706a059db824c6f645541778\\"", "size": 37853, "mimetype": "image/jpeg", "cacheControl": "max-age=3600", "lastModified": "2026-03-16T10:04:34.000Z", "contentLength": 37853, "httpStatusCode": 200}	7f3187d3-b3cf-4bb9-8a3f-30dd49df1399	\N	{}
fe6241bf-68e2-4e54-9c48-fe3367aafe63	employee-assets	profile-pictures/FA002-1773655602960.jpeg	\N	2026-03-16 10:06:37.776688+00	2026-03-16 10:06:37.776688+00	2026-03-16 10:06:37.776688+00	{"eTag": "\\"710f6ca761e9df943f80ff02c5193d1b\\"", "size": 29938, "mimetype": "image/jpeg", "cacheControl": "max-age=3600", "lastModified": "2026-03-16T10:06:38.000Z", "contentLength": 29938, "httpStatusCode": 200}	8f7546e5-f519-4dba-aa7d-8707ddc091e4	\N	{}
74286d9b-f6e1-49b8-8a40-e409f096eb14	kyc-documents	signatures/1773977905547-61fb86c1-81d0-403e-b661-fabbfd621b0a.png	036e26f9-8806-4be6-bcff-775aadf4073b	2026-03-20 03:38:22.69277+00	2026-03-20 03:38:22.69277+00	2026-03-20 03:38:22.69277+00	{"eTag": "\\"e5fc0964945de10298de5d011916a76d\\"", "size": 9015, "mimetype": "image/png", "cacheControl": "max-age=3600", "lastModified": "2026-03-20T03:38:23.000Z", "contentLength": 9015, "httpStatusCode": 200}	bc35ea82-323e-4f9c-811c-d51bd1a72388	036e26f9-8806-4be6-bcff-775aadf4073b	{}
8526bd61-b1cc-4c81-931f-b399b7a54af1	kyc-documents	signatures/1773990366725-28afcfdc-b0aa-4813-a67a-170a24ca9761.png	997efa6a-dca7-4c9e-b864-897f5e3cce01	2026-03-20 07:06:07.53646+00	2026-03-20 07:06:07.53646+00	2026-03-20 07:06:07.53646+00	{"eTag": "\\"c9c1ae2c382b2662f8a37e6cbe1f0a07\\"", "size": 21125, "mimetype": "image/png", "cacheControl": "max-age=3600", "lastModified": "2026-03-20T07:06:08.000Z", "contentLength": 21125, "httpStatusCode": 200}	249f9a78-8d01-41fe-b732-16eef85f2b73	997efa6a-dca7-4c9e-b864-897f5e3cce01	{}
b0c17d12-f758-4ae8-87df-6b6c210e5398	kyc-documents	signatures/1773997337464-4a667ffe-7181-4824-9471-23c252de5cc1.png	997efa6a-dca7-4c9e-b864-897f5e3cce01	2026-03-20 09:02:17.954783+00	2026-03-20 09:02:17.954783+00	2026-03-20 09:02:17.954783+00	{"eTag": "\\"b0e94b32b849bb2cb1cbbbe2269f6126\\"", "size": 12382, "mimetype": "image/png", "cacheControl": "max-age=3600", "lastModified": "2026-03-20T09:02:18.000Z", "contentLength": 12382, "httpStatusCode": 200}	2b3f458b-f500-49c2-a586-58f2d5d12271	997efa6a-dca7-4c9e-b864-897f5e3cce01	{}
ccb56d45-6b68-456f-a807-e25078061a15	kyc-documents	idFront/1774424198409-5a358551-989f-4893-8b29-2ffba349b836.jpeg	7f18abca-8d31-4d26-ac35-0d04f0d25afa	2026-03-25 07:36:37.233951+00	2026-03-25 07:36:37.233951+00	2026-03-25 07:36:37.233951+00	{"eTag": "\\"9178e438f6f94f9935c8575f7e52e696\\"", "size": 70282, "mimetype": "image/jpeg", "cacheControl": "max-age=3600", "lastModified": "2026-03-25T07:36:38.000Z", "contentLength": 70282, "httpStatusCode": 200}	a2e8631f-4eed-437c-bf9d-52c84a21b382	7f18abca-8d31-4d26-ac35-0d04f0d25afa	{}
98f908ea-f3ed-467c-8705-f325312f2daa	kyc-documents	idBack/1774426878650-7ef0e39e-4b49-4dd9-8f89-8a43f4296f26.jpeg	7f18abca-8d31-4d26-ac35-0d04f0d25afa	2026-03-25 08:21:21.055458+00	2026-03-25 08:21:21.055458+00	2026-03-25 08:21:21.055458+00	{"eTag": "\\"89e1c435fcbcb2e17af2dfef046c9277\\"", "size": 463218, "mimetype": "image/jpeg", "cacheControl": "max-age=3600", "lastModified": "2026-03-25T08:21:22.000Z", "contentLength": 463218, "httpStatusCode": 200}	ad1b5e6b-23ba-4575-b38d-fc5a6b7b82fc	7f18abca-8d31-4d26-ac35-0d04f0d25afa	{}
8b636352-a2f1-4a15-b9d1-07cdfdf0fda5	employee-assets	profile-pictures/OOO-1774501582178.png	\N	2026-03-26 05:06:22.290415+00	2026-03-26 05:06:22.290415+00	2026-03-26 05:06:22.290415+00	{"eTag": "\\"6e1a2fd93c27f436ed98cb98875c6bb6\\"", "size": 12594, "mimetype": "image/png", "cacheControl": "max-age=3600", "lastModified": "2026-03-26T05:06:23.000Z", "contentLength": 12594, "httpStatusCode": 200}	c2efcc0a-4740-4eea-9365-050f10832347	\N	{}
8824f48a-e4bf-4fc3-a7bb-21893e2b83b7	employee-assets	profile-pictures/EMP002-1774604325911.png	\N	2026-03-27 09:38:43.097656+00	2026-03-27 09:38:43.097656+00	2026-03-27 09:38:43.097656+00	{"eTag": "\\"6e1a2fd93c27f436ed98cb98875c6bb6\\"", "size": 12594, "mimetype": "image/png", "cacheControl": "max-age=3600", "lastModified": "2026-03-27T09:38:44.000Z", "contentLength": 12594, "httpStatusCode": 200}	6847652c-94fb-404e-9acb-143070b50301	\N	{}
bfa34c84-9311-4696-9af1-aa6db93a3d92	kyc-documents	signatures/1774869697116-1cf02bb8-0154-4c30-a06a-f487f148350f.png	7f18abca-8d31-4d26-ac35-0d04f0d25afa	2026-03-30 11:21:37.791358+00	2026-03-30 11:21:37.791358+00	2026-03-30 11:21:37.791358+00	{"eTag": "\\"f1a6547d917a8a8042841a68703e8b13\\"", "size": 17811, "mimetype": "image/png", "cacheControl": "max-age=3600", "lastModified": "2026-03-30T11:21:38.000Z", "contentLength": 17811, "httpStatusCode": 200}	09d6d209-f60a-43ee-9b21-8bcde5a4ae5f	7f18abca-8d31-4d26-ac35-0d04f0d25afa	{}
42b335ab-7bf9-4000-9b21-f531d379e83d	kyc-documents	signatures/1774869801629-e33441ad-2697-49b7-a737-39789db16db0.png	7f18abca-8d31-4d26-ac35-0d04f0d25afa	2026-03-30 11:23:22.358061+00	2026-03-30 11:23:22.358061+00	2026-03-30 11:23:22.358061+00	{"eTag": "\\"3a995c940f98881da752d1432dcea56f\\"", "size": 16665, "mimetype": "image/png", "cacheControl": "max-age=3600", "lastModified": "2026-03-30T11:23:23.000Z", "contentLength": 16665, "httpStatusCode": 200}	62f91455-323b-4aee-b2d4-d224d81a7390	7f18abca-8d31-4d26-ac35-0d04f0d25afa	{}
f9d3ab89-f4ad-45bb-a506-388423eacbc6	kyc-documents	proposal/1775208910799-78b6faa4-29d4-41f5-8be3-e9c44a8d7cbf.webp	4105f420-8ea6-4fb7-9072-c5ac991c0376	2026-04-03 09:35:10.13578+00	2026-04-03 09:35:10.13578+00	2026-04-03 09:35:10.13578+00	{"eTag": "\\"6589516bdebd3a7f616c31f84568ddf1\\"", "size": 51862, "mimetype": "image/webp", "cacheControl": "max-age=3600", "lastModified": "2026-04-03T09:35:11.000Z", "contentLength": 51862, "httpStatusCode": 200}	91880d81-b075-4a73-84d5-55c4d20bc9b5	4105f420-8ea6-4fb7-9072-c5ac991c0376	{}
fffdf078-6591-4ffd-807f-f2b2008af4de	kyc-documents	idFront/1775208910798-47908d57-be3e-467e-854a-4a148253046a.webp	4105f420-8ea6-4fb7-9072-c5ac991c0376	2026-04-03 09:35:10.126498+00	2026-04-03 09:35:10.126498+00	2026-04-03 09:35:10.126498+00	{"eTag": "\\"d58527186b4f6ca0f078afe6cf73a4db\\"", "size": 9606, "mimetype": "image/webp", "cacheControl": "max-age=3600", "lastModified": "2026-04-03T09:35:11.000Z", "contentLength": 9606, "httpStatusCode": 200}	3ca56ae0-7983-43f8-943e-bd50ebf59d4c	4105f420-8ea6-4fb7-9072-c5ac991c0376	{}
2d0eb433-a854-40aa-809a-3b02db02ffbb	kyc-documents	idBack/1775208910799-174068da-c814-4058-bab3-6cbb9996665c.webp	4105f420-8ea6-4fb7-9072-c5ac991c0376	2026-04-03 09:35:10.154027+00	2026-04-03 09:35:10.154027+00	2026-04-03 09:35:10.154027+00	{"eTag": "\\"d58527186b4f6ca0f078afe6cf73a4db\\"", "size": 9606, "mimetype": "image/webp", "cacheControl": "max-age=3600", "lastModified": "2026-04-03T09:35:11.000Z", "contentLength": 9606, "httpStatusCode": 200}	621315ec-7f97-48bc-ae39-ab5900619e2a	4105f420-8ea6-4fb7-9072-c5ac991c0376	{}
eef10397-a9a5-47f4-bddd-98a70b0ba2c7	kyc-documents	agreement/1775208910799-6a0edcb4-b09b-43f3-86d5-deaf2a084e17.webp	4105f420-8ea6-4fb7-9072-c5ac991c0376	2026-04-03 09:35:10.148431+00	2026-04-03 09:35:10.148431+00	2026-04-03 09:35:10.148431+00	{"eTag": "\\"6589516bdebd3a7f616c31f84568ddf1\\"", "size": 51862, "mimetype": "image/webp", "cacheControl": "max-age=3600", "lastModified": "2026-04-03T09:35:11.000Z", "contentLength": 51862, "httpStatusCode": 200}	58cb2aa2-bee8-499c-aa48-5c2a8922de94	4105f420-8ea6-4fb7-9072-c5ac991c0376	{}
d94fecae-1afc-4705-b9e7-faa7556a2eca	kyc-documents	paySlip/1775208910799-1e711373-3528-4b94-9a48-df4cdb9e4635.webp	4105f420-8ea6-4fb7-9072-c5ac991c0376	2026-04-03 09:35:10.281979+00	2026-04-03 09:35:10.281979+00	2026-04-03 09:35:10.281979+00	{"eTag": "\\"6589516bdebd3a7f616c31f84568ddf1\\"", "size": 51862, "mimetype": "image/webp", "cacheControl": "max-age=3600", "lastModified": "2026-04-03T09:35:11.000Z", "contentLength": 51862, "httpStatusCode": 200}	fc7aee6a-2ee9-445e-9dbe-e142822b0ed5	4105f420-8ea6-4fb7-9072-c5ac991c0376	{}
70405e56-d108-41cf-abdd-a52b55893912	kyc-documents	idBack/1775208922194-eb276ad2-a912-4a61-909c-d22d0a37bba2.webp	4105f420-8ea6-4fb7-9072-c5ac991c0376	2026-04-03 09:35:20.852122+00	2026-04-03 09:35:20.852122+00	2026-04-03 09:35:20.852122+00	{"eTag": "\\"d58527186b4f6ca0f078afe6cf73a4db\\"", "size": 9606, "mimetype": "image/webp", "cacheControl": "max-age=3600", "lastModified": "2026-04-03T09:35:21.000Z", "contentLength": 9606, "httpStatusCode": 200}	744f704d-238d-4987-a1ce-1655a9445712	4105f420-8ea6-4fb7-9072-c5ac991c0376	{}
016cd99a-ea7f-49aa-8aea-410668967ef0	kyc-documents	agreement/1775208922194-aac55adf-cfe0-4474-97bc-6e67e53ae2e7.webp	4105f420-8ea6-4fb7-9072-c5ac991c0376	2026-04-03 09:35:20.906762+00	2026-04-03 09:35:20.906762+00	2026-04-03 09:35:20.906762+00	{"eTag": "\\"6589516bdebd3a7f616c31f84568ddf1\\"", "size": 51862, "mimetype": "image/webp", "cacheControl": "max-age=3600", "lastModified": "2026-04-03T09:35:21.000Z", "contentLength": 51862, "httpStatusCode": 200}	901489fd-f6cf-4acc-839c-7f6b35e84f5e	4105f420-8ea6-4fb7-9072-c5ac991c0376	{}
efc6ceeb-8286-43e0-b539-222918b639ae	kyc-documents	paySlip/1775208922194-5cf760db-847b-4150-8f77-67e83569da02.webp	4105f420-8ea6-4fb7-9072-c5ac991c0376	2026-04-03 09:35:20.910474+00	2026-04-03 09:35:20.910474+00	2026-04-03 09:35:20.910474+00	{"eTag": "\\"6589516bdebd3a7f616c31f84568ddf1\\"", "size": 51862, "mimetype": "image/webp", "cacheControl": "max-age=3600", "lastModified": "2026-04-03T09:35:21.000Z", "contentLength": 51862, "httpStatusCode": 200}	859722ee-c90b-43fc-a3dd-254c15892ac3	4105f420-8ea6-4fb7-9072-c5ac991c0376	{}
468b5438-aa65-4b2a-8be5-85bf61628649	kyc-documents	idFront/1775208922194-c461e2f0-9d5b-4839-acd5-5416eb902a4f.webp	4105f420-8ea6-4fb7-9072-c5ac991c0376	2026-04-03 09:35:20.839134+00	2026-04-03 09:35:20.839134+00	2026-04-03 09:35:20.839134+00	{"eTag": "\\"d58527186b4f6ca0f078afe6cf73a4db\\"", "size": 9606, "mimetype": "image/webp", "cacheControl": "max-age=3600", "lastModified": "2026-04-03T09:35:21.000Z", "contentLength": 9606, "httpStatusCode": 200}	3bb2b311-e3c7-4d09-b30f-5c7576199be4	4105f420-8ea6-4fb7-9072-c5ac991c0376	{}
0a4f926b-f55a-4cbe-b36a-154d23423b9b	kyc-documents	proposal/1775208922194-054f0dc0-0e08-4472-8af3-323b77a2f809.webp	4105f420-8ea6-4fb7-9072-c5ac991c0376	2026-04-03 09:35:20.905434+00	2026-04-03 09:35:20.905434+00	2026-04-03 09:35:20.905434+00	{"eTag": "\\"6589516bdebd3a7f616c31f84568ddf1\\"", "size": 51862, "mimetype": "image/webp", "cacheControl": "max-age=3600", "lastModified": "2026-04-03T09:35:21.000Z", "contentLength": 51862, "httpStatusCode": 200}	73c68cd3-b755-44e7-98a2-89e25dbb593a	4105f420-8ea6-4fb7-9072-c5ac991c0376	{}
2fa0460f-43db-4881-8485-1888953509b5	kyc-documents	signatures/1775211948973-ec7cd949-019d-4215-9f25-71d71708770d.png	4105f420-8ea6-4fb7-9072-c5ac991c0376	2026-04-03 10:25:49.289013+00	2026-04-03 10:25:49.289013+00	2026-04-03 10:25:49.289013+00	{"eTag": "\\"221583fe5b14db60df4c2bbad1e9cbc7\\"", "size": 25503, "mimetype": "image/png", "cacheControl": "max-age=3600", "lastModified": "2026-04-03T10:25:50.000Z", "contentLength": 25503, "httpStatusCode": 200}	7eb23a8f-b4ac-476a-a712-59808f13f03c	4105f420-8ea6-4fb7-9072-c5ac991c0376	{}
4a83c664-62c1-4478-856d-12606a6d77de	kyc-documents	idBack/1775211980134-1f7d3fda-b6f0-488e-9cde-1a41bc0bf4ce.webp	4105f420-8ea6-4fb7-9072-c5ac991c0376	2026-04-03 10:26:18.964161+00	2026-04-03 10:26:18.964161+00	2026-04-03 10:26:18.964161+00	{"eTag": "\\"d58527186b4f6ca0f078afe6cf73a4db\\"", "size": 9606, "mimetype": "image/webp", "cacheControl": "max-age=3600", "lastModified": "2026-04-03T10:26:19.000Z", "contentLength": 9606, "httpStatusCode": 200}	49a5d6e8-4076-4c5d-b57c-d98856321259	4105f420-8ea6-4fb7-9072-c5ac991c0376	{}
624e72de-2eba-4442-8ee0-07f52bf2dcc5	kyc-documents	idFront/1775211980133-4ab5fc11-8907-4270-b9e5-b81dafed227d.webp	4105f420-8ea6-4fb7-9072-c5ac991c0376	2026-04-03 10:26:18.979707+00	2026-04-03 10:26:18.979707+00	2026-04-03 10:26:18.979707+00	{"eTag": "\\"d58527186b4f6ca0f078afe6cf73a4db\\"", "size": 9606, "mimetype": "image/webp", "cacheControl": "max-age=3600", "lastModified": "2026-04-03T10:26:19.000Z", "contentLength": 9606, "httpStatusCode": 200}	b76e78b3-ede0-4aa2-b859-90404c5a27ad	4105f420-8ea6-4fb7-9072-c5ac991c0376	{}
043186ad-302f-49f1-8e62-37d1d896dc2f	kyc-documents	paySlip/1775211980134-c47e5365-755f-4f46-8cff-a9496ef5e153.webp	4105f420-8ea6-4fb7-9072-c5ac991c0376	2026-04-03 10:26:19.106195+00	2026-04-03 10:26:19.106195+00	2026-04-03 10:26:19.106195+00	{"eTag": "\\"6589516bdebd3a7f616c31f84568ddf1\\"", "size": 51862, "mimetype": "image/webp", "cacheControl": "max-age=3600", "lastModified": "2026-04-03T10:26:20.000Z", "contentLength": 51862, "httpStatusCode": 200}	a0f656a8-edb6-4884-8116-4677dec0b9e4	4105f420-8ea6-4fb7-9072-c5ac991c0376	{}
1c83874d-428e-4de2-82b9-cf716b02f221	kyc-documents	agreement/1775211980134-bb2583b2-69c6-4f75-8400-c3ec12dfee3e.webp	4105f420-8ea6-4fb7-9072-c5ac991c0376	2026-04-03 10:26:19.122337+00	2026-04-03 10:26:19.122337+00	2026-04-03 10:26:19.122337+00	{"eTag": "\\"6589516bdebd3a7f616c31f84568ddf1\\"", "size": 51862, "mimetype": "image/webp", "cacheControl": "max-age=3600", "lastModified": "2026-04-03T10:26:20.000Z", "contentLength": 51862, "httpStatusCode": 200}	96c8e781-fbd8-4bd5-ae36-25224117638f	4105f420-8ea6-4fb7-9072-c5ac991c0376	{}
83d02a54-d329-4fa4-a67e-a29ff59ff522	kyc-documents	proposal/1775211980134-3453e34b-cc24-4bfc-8fbd-7dc6306e6cb7.webp	4105f420-8ea6-4fb7-9072-c5ac991c0376	2026-04-03 10:26:19.154443+00	2026-04-03 10:26:19.154443+00	2026-04-03 10:26:19.154443+00	{"eTag": "\\"6589516bdebd3a7f616c31f84568ddf1\\"", "size": 51862, "mimetype": "image/webp", "cacheControl": "max-age=3600", "lastModified": "2026-04-03T10:26:20.000Z", "contentLength": 51862, "httpStatusCode": 200}	fb4f5206-7dd2-4e79-913f-8ae5662b9c59	4105f420-8ea6-4fb7-9072-c5ac991c0376	{}
a4deb2d6-1faf-4c36-9296-495552745436	kyc-documents	signatures/1775279734822-3e0658c8-33d6-4a77-bed4-fba40d3c0be4.png	494f6181-e2a4-4f1a-911a-c60fc804871d	2026-04-04 05:15:35.186535+00	2026-04-04 05:15:35.186535+00	2026-04-04 05:15:35.186535+00	{"eTag": "\\"5af80a0d2bc423c63e1c8139b7c4f607\\"", "size": 15814, "mimetype": "image/png", "cacheControl": "max-age=3600", "lastModified": "2026-04-04T05:15:36.000Z", "contentLength": 15814, "httpStatusCode": 200}	3e61326a-ea5d-4d3b-9607-1d9c7a11825b	494f6181-e2a4-4f1a-911a-c60fc804871d	{}
bac8bb23-3338-4eac-8540-2bc66a560294	kyc-documents	signatures/1775279852341-7eb2ec9d-8146-4e1e-812e-6c319f1d78df.png	4105f420-8ea6-4fb7-9072-c5ac991c0376	2026-04-04 05:17:32.685292+00	2026-04-04 05:17:32.685292+00	2026-04-04 05:17:32.685292+00	{"eTag": "\\"d620f8d554178a9fad4e666d432b1612\\"", "size": 14645, "mimetype": "image/png", "cacheControl": "max-age=3600", "lastModified": "2026-04-04T05:17:33.000Z", "contentLength": 14645, "httpStatusCode": 200}	bd837dd7-90b2-46a2-8c2f-622df1d79907	4105f420-8ea6-4fb7-9072-c5ac991c0376	{}
265400dd-9036-47cd-a98d-d85f2645eb47	kyc-documents	signatures/1775280148417-84faf38c-c778-413e-8006-3a537ec7de5e.png	4105f420-8ea6-4fb7-9072-c5ac991c0376	2026-04-04 05:22:27.791421+00	2026-04-04 05:22:27.791421+00	2026-04-04 05:22:27.791421+00	{"eTag": "\\"a203c2c9286247261134a6608c903d67\\"", "size": 12484, "mimetype": "image/png", "cacheControl": "max-age=3600", "lastModified": "2026-04-04T05:22:28.000Z", "contentLength": 12484, "httpStatusCode": 200}	5af3a474-29c2-4eae-b6a5-c1cb9272d5b3	4105f420-8ea6-4fb7-9072-c5ac991c0376	{}
\.


--
-- Data for Name: s3_multipart_uploads; Type: TABLE DATA; Schema: storage; Owner: supabase_storage_admin
--

COPY "storage"."s3_multipart_uploads" ("id", "in_progress_size", "upload_signature", "bucket_id", "key", "version", "owner_id", "created_at", "user_metadata", "metadata") FROM stdin;
\.


--
-- Data for Name: s3_multipart_uploads_parts; Type: TABLE DATA; Schema: storage; Owner: supabase_storage_admin
--

COPY "storage"."s3_multipart_uploads_parts" ("id", "upload_id", "size", "part_number", "bucket_id", "key", "etag", "owner_id", "version", "created_at") FROM stdin;
\.


--
-- Data for Name: vector_indexes; Type: TABLE DATA; Schema: storage; Owner: supabase_storage_admin
--

COPY "storage"."vector_indexes" ("id", "name", "bucket_id", "data_type", "dimension", "distance_metric", "metadata_configuration", "created_at", "updated_at") FROM stdin;
\.


--
-- Name: refresh_tokens_id_seq; Type: SEQUENCE SET; Schema: auth; Owner: supabase_auth_admin
--

SELECT pg_catalog.setval('"auth"."refresh_tokens_id_seq"', 437, true);


--
-- Name: ActivityLog_id_seq; Type: SEQUENCE SET; Schema: public; Owner: postgres
--

SELECT pg_catalog.setval('"public"."ActivityLog_id_seq"', 95, true);


--
-- Name: Beneficiary_id_seq; Type: SEQUENCE SET; Schema: public; Owner: postgres
--

SELECT pg_catalog.setval('"public"."Beneficiary_id_seq"', 3, true);


--
-- Name: Branch_id_seq; Type: SEQUENCE SET; Schema: public; Owner: postgres
--

SELECT pg_catalog.setval('"public"."Branch_id_seq"', 1, false);


--
-- Name: ClientDocumentRequest_id_seq; Type: SEQUENCE SET; Schema: public; Owner: postgres
--

SELECT pg_catalog.setval('"public"."ClientDocumentRequest_id_seq"', 10, true);


--
-- Name: ClientDocument_id_seq; Type: SEQUENCE SET; Schema: public; Owner: postgres
--

SELECT pg_catalog.setval('"public"."ClientDocument_id_seq"', 1, false);


--
-- Name: Client_id_seq; Type: SEQUENCE SET; Schema: public; Owner: postgres
--

SELECT pg_catalog.setval('"public"."Client_id_seq"', 9, true);


--
-- Name: CommissionRate_id_seq; Type: SEQUENCE SET; Schema: public; Owner: postgres
--

SELECT pg_catalog.setval('"public"."CommissionRate_id_seq"', 13, true);


--
-- Name: Commission_id_seq; Type: SEQUENCE SET; Schema: public; Owner: postgres
--

SELECT pg_catalog.setval('"public"."Commission_id_seq"', 5, true);


--
-- Name: FinancialPlan_id_seq; Type: SEQUENCE SET; Schema: public; Owner: postgres
--

SELECT pg_catalog.setval('"public"."FinancialPlan_id_seq"', 6, true);


--
-- Name: Investment_id_seq; Type: SEQUENCE SET; Schema: public; Owner: postgres
--

SELECT pg_catalog.setval('"public"."Investment_id_seq"', 3, true);


--
-- Name: MemberBranch_id_seq; Type: SEQUENCE SET; Schema: public; Owner: postgres
--

SELECT pg_catalog.setval('"public"."MemberBranch_id_seq"', 412, true);


--
-- Name: Member_id_seq; Type: SEQUENCE SET; Schema: public; Owner: postgres
--

SELECT pg_catalog.setval('"public"."Member_id_seq"', 249, true);


--
-- Name: MonthlyEvaluation_id_seq; Type: SEQUENCE SET; Schema: public; Owner: postgres
--

SELECT pg_catalog.setval('"public"."MonthlyEvaluation_id_seq"', 1, false);


--
-- Name: MonthlyPayroll_id_seq; Type: SEQUENCE SET; Schema: public; Owner: postgres
--

SELECT pg_catalog.setval('"public"."MonthlyPayroll_id_seq"', 5, true);


--
-- Name: Nominee_id_seq; Type: SEQUENCE SET; Schema: public; Owner: postgres
--

SELECT pg_catalog.setval('"public"."Nominee_id_seq"', 3, true);


--
-- Name: PermanentEvaluation_id_seq; Type: SEQUENCE SET; Schema: public; Owner: postgres
--

SELECT pg_catalog.setval('"public"."PermanentEvaluation_id_seq"', 1, false);


--
-- Name: PositionSalary_id_seq; Type: SEQUENCE SET; Schema: public; Owner: postgres
--

SELECT pg_catalog.setval('"public"."PositionSalary_id_seq"', 9, true);


--
-- Name: PositionTarget_id_seq; Type: SEQUENCE SET; Schema: public; Owner: postgres
--

SELECT pg_catalog.setval('"public"."PositionTarget_id_seq"', 24, true);


--
-- Name: Position_id_seq; Type: SEQUENCE SET; Schema: public; Owner: postgres
--

SELECT pg_catalog.setval('"public"."Position_id_seq"', 1, false);


--
-- Name: Profit_id_seq; Type: SEQUENCE SET; Schema: public; Owner: postgres
--

SELECT pg_catalog.setval('"public"."Profit_id_seq"', 2, true);


--
-- PostgreSQL database dump complete
--

-- \unrestrict obvsIPzqWAafUcLQIDTtiuw2ZJukDMi3hRSDnXAVN6JX1oUZTb3NJ49aJgZTNhc

RESET ALL;
